Airline Code,Flight Number,Flight Status,Aircraft Code,Aircraft Name,Duration Minutes,Departure Airport Code,Departure Airport,Departure City,Departure Terminal,Departure Time,Estimated Departure,Arrival Airport Code,Arrival Airport,Arrival City,Arrival Terminal,Arrival Time,Estimated Arrival,Booking Classes,Captured URL,Captured At
VN,101,arrived,321,AIRBUS A321,95.0,DAD,INTERNATIONAL,DA NANG,1,2026-05-10T05:36:00,2026-05-10T05:45:00,SGN,TAN SON NHAT INTL,HO CHI MINH CITY,3,2026-05-10T06:54:00,2026-05-10T07:20:00,"J, C, D, I, O, W, Z, U, Y, B, M, S, H, K, L, Q, N, R, T, E, P, A, G, X, V",https://integration-middleware-website.vietnamairlines.com/api/v1/public/flight/info?marketingAirlineCode=VN&marketingFlightNumber=101&departureDate=2026-05-10,
VN,104,cancelled,321,AIRBUS A321,80.0,SGN,TAN SON NHAT INTL,HO CHI MINH CITY,3,2026-05-10T06:30:00,2026-05-10T06:30:00,DAD,INTERNATIONAL,DA NANG,1,2026-05-10T07:50:00,2026-05-10T07:50:00,"J, C, D, I, O, W, Z, U, Y, B, M, S, H, K, L, Q, N, R, T, E, P, A, G, X, V",https://integration-middleware-website.vietnamairlines.com/api/v1/public/flight/info?marketingAirlineCode=VN&marketingFlightNumber=104&departureDate=2026-05-10,
VN,105,cancelled,321,AIRBUS A321,95.0,DAD,INTERNATIONAL,DA NANG,1,2026-05-10T08:25:00,2026-05-10T08:25:00,SGN,TAN SON NHAT INTL,HO CHI MINH CITY,3,2026-05-10T10:00:00,2026-05-10T10:00:00,"J, C, D, I, O, W, Z, U, Y, B, M, S, H, K, L, Q, N, R, T, E, P, A, G, X, V",https://integration-middleware-website.vietnamairlines.com/api/v1/public/flight/info?marketingAirlineCode=VN&marketingFlightNumber=105&departureDate=2026-05-10,
VN,106,arrived,321,AIRBUS A321,80.0,SGN,TAN SON NHAT INTL,HO CHI MINH CITY,3,2026-05-10T05:40:00,2026-05-10T05:45:00,DAD,INTERNATIONAL,DA NANG,1,2026-05-10T06:52:00,2026-05-10T07:05:00,"J, C, D, I, O, W, Z, U, Y, B, M, S, H, K, L, Q, N, R, T, E, P, A, G, X, V",https://integration-middleware-website.vietnamairlines.com/api/v1/public/flight/info?marketingAirlineCode=VN&marketingFlightNumber=106&departureDate=2026-05-10,
VN,107,cancelled,321,AIRBUS A321,95.0,DAD,INTERNATIONAL,DA NANG,1,2026-05-10T07:40:00,2026-05-10T07:40:00,SGN,TAN SON NHAT INTL,HO CHI MINH CITY,3,2026-05-10T09:15:00,2026-05-10T09:15:00,"J, C, D, I, O, W, Z, U, Y, B, M, S, H, K, L, Q, N, R, T, E, P, A, G, X, V",https://integration-middleware-website.vietnamairlines.com/api/v1/public/flight/info?marketingAirlineCode=VN&marketingFlightNumber=107&departureDate=2026-05-10,
VN,109,arrived,321,AIRBUS A321,95.0,DAD,INTERNATIONAL,DA NANG,1,2026-05-10T08:38:00,2026-05-10T08:40:00,SGN,TAN SON NHAT INTL,HO CHI MINH CITY,3,2026-05-10T10:04:00,2026-05-10T10:15:00,"J, C, D, I, O, W, Z, U, Y, B, M, S, H, K, L, Q, N, R, T, E, P, A, G, X, V",https://integration-middleware-website.vietnamairlines.com/api/v1/public/flight/info?marketingAirlineCode=VN&marketingFlightNumber=109&departureDate=2026-05-10,
VN,110,arrived,321,AIRBUS A321,80.0,SGN,TAN SON NHAT INTL,HO CHI MINH CITY,3,2026-05-10T06:38:00,2026-05-10T06:45:00,DAD,INTERNATIONAL,DA NANG,1,2026-05-10T07:56:00,2026-05-10T08:05:00,"J, C, D, I, O, W, Z, U, Y, B, M, S, H, K, L, Q, N, R, T, E, P, A, G, X, V",https://integration-middleware-website.vietnamairlines.com/api/v1/public/flight/info?marketingAirlineCode=VN&marketingFlightNumber=110&departureDate=2026-05-10,
VN,112,arrived,321,AIRBUS A321,80.0,SGN,TAN SON NHAT INTL,HO CHI MINH CITY,3,2026-05-10T07:48:00,2026-05-10T08:00:00,DAD,INTERNATIONAL,DA NANG,1,2026-05-10T09:09:00,2026-05-10T09:20:00,"J, C, D, I, O, W, Z, U, Y, B, M, S, H, K, L, Q, N, R, T, E, P, A, G, X, V",https://integration-middleware-website.vietnamairlines.com/api/v1/public/flight/info?marketingAirlineCode=VN&marketingFlightNumber=112&departureDate=2026-05-10,
VN,113,arrived,321,AIRBUS A321,95.0,DAD,INTERNATIONAL,DA NANG,1,2026-05-10T09:56:00,2026-05-10T09:55:00,SGN,TAN SON NHAT INTL,HO CHI MINH CITY,3,2026-05-10T11:25:00,2026-05-10T11:30:00,"J, C, D, I, O, W, Z, U, Y, B, M, S, H, K, L, Q, N, R, T, E, P, A, G, X, V",https://integration-middleware-website.vietnamairlines.com/api/v1/public/flight/info?marketingAirlineCode=VN&marketingFlightNumber=113&departureDate=2026-05-10,
VN,118,arrived,321,AIRBUS A321,80.0,SGN,TAN SON NHAT INTL,HO CHI MINH CITY,3,2026-05-10T09:14:00,2026-05-10T09:05:00,DAD,INTERNATIONAL,DA NANG,1,2026-05-10T10:32:00,2026-05-10T10:25:00,"J, C, D, I, O, W, Z, U, Y, B, M, S, H, K, L, Q, N, R, T, E, P, A, G, X, V",https://integration-middleware-website.vietnamairlines.com/api/v1/public/flight/info?marketingAirlineCode=VN&marketingFlightNumber=118&departureDate=2026-05-10,
VN,119,arrived,321,AIRBUS A321,95.0,DAD,INTERNATIONAL,DA NANG,1,2026-05-10T11:12:00,2026-05-10T11:00:00,SGN,TAN SON NHAT INTL,HO CHI MINH CITY,3,2026-05-10T12:57:00,2026-05-10T12:35:00,"J, C, D, I, O, W, Z, U, Y, B, M, S, H, K, L, Q, N, R, T, E, P, A, G, X, V",https://integration-middleware-website.vietnamairlines.com/api/v1/public/flight/info?marketingAirlineCode=VN&marketingFlightNumber=119&departureDate=2026-05-10,
VN,122,arrived,321,AIRBUS A321,80.0,SGN,TAN SON NHAT INTL,HO CHI MINH CITY,3,2026-05-10T09:53:00,2026-05-10T10:00:00,DAD,INTERNATIONAL,DA NANG,1,2026-05-10T11:14:00,2026-05-10T11:20:00,"J, C, D, I, O, W, Z, U, Y, B, M, S, H, K, L, Q, N, R, T, E, P, A, G, X, V",https://integration-middleware-website.vietnamairlines.com/api/v1/public/flight/info?marketingAirlineCode=VN&marketingFlightNumber=122&departureDate=2026-05-10,
VN,123,arrived,321,AIRBUS A321,90.0,DAD,INTERNATIONAL,DA NANG,1,2026-05-10T11:54:00,2026-05-10T11:55:00,SGN,TAN SON NHAT INTL,HO CHI MINH CITY,3,2026-05-10T13:38:00,2026-05-10T13:25:00,"J, C, D, I, O, W, Z, U, Y, B, M, S, H, K, L, Q, N, R, T, E, P, A, G, X, V",https://integration-middleware-website.vietnamairlines.com/api/v1/public/flight/info?marketingAirlineCode=VN&marketingFlightNumber=123&departureDate=2026-05-10,
VN,126,arrived,321,AIRBUS A321,80.0,SGN,TAN SON NHAT INTL,HO CHI MINH CITY,3,2026-05-10T10:55:00,2026-05-10T11:00:00,DAD,INTERNATIONAL,DA NANG,1,2026-05-10T12:08:00,2026-05-10T12:20:00,"J, C, D, I, O, W, Z, U, Y, B, M, S, H, K, L, Q, N, R, T, E, P, A, G, X, V",https://integration-middleware-website.vietnamairlines.com/api/v1/public/flight/info?marketingAirlineCode=VN&marketingFlightNumber=126&departureDate=2026-05-10,
VN,127,arrived,321,AIRBUS A321,95.0,DAD,INTERNATIONAL,DA NANG,1,2026-05-10T12:54:00,2026-05-10T12:55:00,SGN,TAN SON NHAT INTL,HO CHI MINH CITY,3,2026-05-10T14:36:00,2026-05-10T14:30:00,"J, C, D, I, O, W, Z, U, Y, B, M, S, H, K, L, Q, N, R, T, E, P, A, G, X, V",https://integration-middleware-website.vietnamairlines.com/api/v1/public/flight/info?marketingAirlineCode=VN&marketingFlightNumber=127&departureDate=2026-05-10,
VN,129,arrived,321,AIRBUS A321,95.0,DAD,INTERNATIONAL,DA NANG,1,2026-05-10T13:40:00,2026-05-10T13:30:00,SGN,TAN SON NHAT INTL,HO CHI MINH CITY,3,2026-05-10T15:16:00,2026-05-10T15:05:00,"J, C, D, I, O, W, Z, U, Y, B, M, S, H, K, L, Q, N, R, T, E, P, A, G, X, V",https://integration-middleware-website.vietnamairlines.com/api/v1/public/flight/info?marketingAirlineCode=VN&marketingFlightNumber=129&departureDate=2026-05-10,
VN,132,arrived,321,AIRBUS A321,80.0,SGN,TAN SON NHAT INTL,HO CHI MINH CITY,3,2026-05-10T13:40:00,2026-05-10T13:25:00,DAD,INTERNATIONAL,DA NANG,1,2026-05-10T14:54:00,2026-05-10T14:45:00,"J, C, D, I, O, W, Z, U, Y, B, M, S, H, K, L, Q, N, R, T, E, P, A, G, X, V",https://integration-middleware-website.vietnamairlines.com/api/v1/public/flight/info?marketingAirlineCode=VN&marketingFlightNumber=132&departureDate=2026-05-10,
VN,133,arrived,321,AIRBUS A321,95.0,DAD,INTERNATIONAL,DA NANG,1,2026-05-10T15:35:00,2026-05-10T15:20:00,SGN,TAN SON NHAT INTL,HO CHI MINH CITY,3,2026-05-10T17:02:00,2026-05-10T16:55:00,"J, C, D, I, O, W, Z, U, Y, B, M, S, H, K, L, Q, N, R, T, E, P, A, G, X, V",https://integration-middleware-website.vietnamairlines.com/api/v1/public/flight/info?marketingAirlineCode=VN&marketingFlightNumber=133&departureDate=2026-05-10,
VN,134,arrived,321,AIRBUS A321,80.0,SGN,TAN SON NHAT INTL,HO CHI MINH CITY,3,2026-05-10T15:35:00,2026-05-10T15:30:00,DAD,INTERNATIONAL,DA NANG,1,2026-05-10T16:55:00,2026-05-10T16:50:00,"J, C, D, I, O, W, Z, U, Y, B, M, S, H, K, L, Q, N, R, T, E, P, A, G, X, V",https://integration-middleware-website.vietnamairlines.com/api/v1/public/flight/info?marketingAirlineCode=VN&marketingFlightNumber=134&departureDate=2026-05-10,
VN,135,arrived,321,AIRBUS A321,95.0,DAD,INTERNATIONAL,DA NANG,1,2026-05-10T18:02:00,2026-05-10T17:25:00,SGN,TAN SON NHAT INTL,HO CHI MINH CITY,3,2026-05-10T19:30:00,2026-05-10T19:00:00,"J, C, D, I, O, W, Z, U, Y, B, M, S, H, K, L, Q, N, R, T, E, P, A, G, X, V",https://integration-middleware-website.vietnamairlines.com/api/v1/public/flight/info?marketingAirlineCode=VN&marketingFlightNumber=135&departureDate=2026-05-10,
VN,136,arrived,321,AIRBUS A321,80.0,SGN,TAN SON NHAT INTL,HO CHI MINH CITY,3,2026-05-10T16:10:00,2026-05-10T16:00:00,DAD,INTERNATIONAL,DA NANG,1,2026-05-10T17:41:00,2026-05-10T17:20:00,"J, C, D, I, O, W, Z, U, Y, B, M, S, H, K, L, Q, N, R, T, E, P, A, G, X, V",https://integration-middleware-website.vietnamairlines.com/api/v1/public/flight/info?marketingAirlineCode=VN&marketingFlightNumber=136&departureDate=2026-05-10,
VN,137,arrived,321,AIRBUS A321,95.0,DAD,INTERNATIONAL,DA NANG,1,2026-05-10T18:15:00,2026-05-10T18:25:00,SGN,TAN SON NHAT INTL,HO CHI MINH CITY,3,2026-05-10T19:37:00,2026-05-10T20:00:00,"J, C, D, I, O, W, Z, U, Y, B, M, S, H, K, L, Q, N, R, T, E, P, A, G, X, V",https://integration-middleware-website.vietnamairlines.com/api/v1/public/flight/info?marketingAirlineCode=VN&marketingFlightNumber=137&departureDate=2026-05-10,
VN,140,arrived,321,AIRBUS A321,80.0,SGN,TAN SON NHAT INTL,HO CHI MINH CITY,3,2026-05-10T16:45:00,2026-05-10T16:45:00,DAD,INTERNATIONAL,DA NANG,1,2026-05-10T18:11:00,2026-05-10T18:05:00,"J, C, D, I, O, W, Z, U, Y, B, M, S, H, K, L, Q, N, R, T, E, P, A, G, X, V",https://integration-middleware-website.vietnamairlines.com/api/v1/public/flight/info?marketingAirlineCode=VN&marketingFlightNumber=140&departureDate=2026-05-10,
VN,141,arrived,321,AIRBUS A321,95.0,DAD,INTERNATIONAL,DA NANG,1,2026-05-10T18:47:00,2026-05-10T18:40:00,SGN,TAN SON NHAT INTL,HO CHI MINH CITY,3,2026-05-10T20:11:00,2026-05-10T20:15:00,"J, C, D, I, O, W, Z, U, Y, B, M, S, H, K, L, Q, N, R, T, E, P, A, G, X, V",https://integration-middleware-website.vietnamairlines.com/api/v1/public/flight/info?marketingAirlineCode=VN&marketingFlightNumber=141&departureDate=2026-05-10,
VN,142,arrived,320,AIRBUS A320,80.0,SGN,TAN SON NHAT INTL,HO CHI MINH CITY,3,2026-05-10T18:58:00,2026-05-10T19:10:00,DAD,INTERNATIONAL,DA NANG,1,2026-05-10T20:15:00,2026-05-10T20:30:00,"W, Z, U, Y, B, M, S, H, K, L, Q, N, R, T, E, P, A, G, X, V",https://integration-middleware-website.vietnamairlines.com/api/v1/public/flight/info?marketingAirlineCode=VN&marketingFlightNumber=142&departureDate=2026-05-10,
VN,143,arrived,320,AIRBUS A320,95.0,DAD,INTERNATIONAL,DA NANG,1,2026-05-10T20:52:00,2026-05-10T21:05:00,SGN,TAN SON NHAT INTL,HO CHI MINH CITY,3,2026-05-10T22:20:00,2026-05-10T22:40:00,"W, Z, U, Y, B, M, S, H, K, L, Q, N, R, T, E, P, A, G, X, V",https://integration-middleware-website.vietnamairlines.com/api/v1/public/flight/info?marketingAirlineCode=VN&marketingFlightNumber=143&departureDate=2026-05-10,
VN,146,arrived,321,AIRBUS A321,85.0,SGN,TAN SON NHAT INTL,HO CHI MINH CITY,3,2026-05-10T19:24:00,2026-05-10T19:35:00,DAD,INTERNATIONAL,DA NANG,1,2026-05-10T20:45:00,2026-05-10T21:00:00,"J, C, D, I, O, W, Z, U, Y, B, M, S, H, K, L, Q, N, R, T, E, P, A, G, X, V",https://integration-middleware-website.vietnamairlines.com/api/v1/public/flight/info?marketingAirlineCode=VN&marketingFlightNumber=146&departureDate=2026-05-10,
VN,148,arrived,321,AIRBUS A321,70.0,SGN,TAN SON NHAT INTL,HO CHI MINH CITY,3,2026-05-10T20:56:00,2026-05-10T21:05:00,DAD,INTERNATIONAL,DA NANG,1,2026-05-10T22:13:00,2026-05-10T22:15:00,"J, C, D, I, O, W, Z, U, Y, B, M, S, H, K, L, Q, N, R, T, E, P, A, G, X, V",https://integration-middleware-website.vietnamairlines.com/api/v1/public/flight/info?marketingAirlineCode=VN&marketingFlightNumber=148&departureDate=2026-05-10,
VN,156,arrived,321,AIRBUS A321,85.0,DAD,INTERNATIONAL,DA NANG,1,2026-05-10T05:57:00,2026-05-10T06:05:00,HAN,NOI BAI INTL,HANOI,1,2026-05-10T07:05:00,2026-05-10T07:30:00,"J, C, D, I, O, W, Z, U, Y, B, M, S, H, K, L, Q, N, R, T, E, P, A, G, X, V",https://integration-middleware-website.vietnamairlines.com/api/v1/public/flight/info?marketingAirlineCode=VN&marketingFlightNumber=156&departureDate=2026-05-10,
VN,157,arrived,321,AIRBUS A321,85.0,HAN,NOI BAI INTL,HANOI,1,2026-05-10T05:40:00,2026-05-10T05:50:00,DAD,INTERNATIONAL,DA NANG,1,2026-05-10T07:04:00,2026-05-10T07:15:00,"J, C, D, I, O, W, Z, U, Y, B, M, S, H, K, L, Q, N, R, T, E, P, A, G, X, V",https://integration-middleware-website.vietnamairlines.com/api/v1/public/flight/info?marketingAirlineCode=VN&marketingFlightNumber=157&departureDate=2026-05-10,
VN,158,cancelled,321,AIRBUS A321,85.0,DAD,INTERNATIONAL,DA NANG,1,2026-05-10T07:50:00,2026-05-10T07:50:00,HAN,NOI BAI INTL,HANOI,1,2026-05-10T09:15:00,2026-05-10T09:15:00,"J, C, D, I, O, W, Z, U, Y, B, M, S, H, K, L, Q, N, R, T, E, P, A, G, X, V",https://integration-middleware-website.vietnamairlines.com/api/v1/public/flight/info?marketingAirlineCode=VN&marketingFlightNumber=158&departureDate=2026-05-10,
VN,159,cancelled,321,AIRBUS A321,85.0,HAN,NOI BAI INTL,HANOI,1,2026-05-10T06:50:00,2026-05-10T06:50:00,DAD,INTERNATIONAL,DA NANG,1,2026-05-10T08:15:00,2026-05-10T08:15:00,"J, C, D, I, O, W, Z, U, Y, B, M, S, H, K, L, Q, N, R, T, E, P, A, G, X, V",https://integration-middleware-website.vietnamairlines.com/api/v1/public/flight/info?marketingAirlineCode=VN&marketingFlightNumber=159&departureDate=2026-05-10,
VN,160,arrived,321,AIRBUS A321,85.0,DAD,INTERNATIONAL,DA NANG,1,2026-05-10T08:43:00,2026-05-10T08:50:00,HAN,NOI BAI INTL,HANOI,1,2026-05-10T10:10:00,2026-05-10T10:15:00,"J, C, D, I, O, W, Z, U, Y, B, M, S, H, K, L, Q, N, R, T, E, P, A, G, X, V",https://integration-middleware-website.vietnamairlines.com/api/v1/public/flight/info?marketingAirlineCode=VN&marketingFlightNumber=160&departureDate=2026-05-10,
VN,163,arrived,321,AIRBUS A321,85.0,HAN,NOI BAI INTL,HANOI,1,2026-05-10T07:44:00,2026-05-10T07:45:00,DAD,INTERNATIONAL,DA NANG,1,2026-05-10T08:58:00,2026-05-10T09:10:00,"J, C, D, I, O, W, Z, U, Y, B, M, S, H, K, L, Q, N, R, T, E, P, A, G, X, V",https://integration-middleware-website.vietnamairlines.com/api/v1/public/flight/info?marketingAirlineCode=VN&marketingFlightNumber=163&departureDate=2026-05-10,
VN,164,arrived,321,AIRBUS A321,85.0,DAD,INTERNATIONAL,DA NANG,1,2026-05-10T09:43:00,2026-05-10T09:45:00,HAN,NOI BAI INTL,HANOI,1,2026-05-10T11:04:00,2026-05-10T11:10:00,"J, C, D, I, O, W, Z, U, Y, B, M, S, H, K, L, Q, N, R, T, E, P, A, G, X, V",https://integration-middleware-website.vietnamairlines.com/api/v1/public/flight/info?marketingAirlineCode=VN&marketingFlightNumber=164&departureDate=2026-05-10,
VN,165,arrived,321,AIRBUS A321,85.0,HAN,NOI BAI INTL,HANOI,1,2026-05-10T09:33:00,2026-05-10T09:35:00,DAD,INTERNATIONAL,DA NANG,1,2026-05-10T10:54:00,2026-05-10T11:00:00,"J, C, D, I, O, W, Z, U, Y, B, M, S, H, K, L, Q, N, R, T, E, P, A, G, X, V",https://integration-middleware-website.vietnamairlines.com/api/v1/public/flight/info?marketingAirlineCode=VN&marketingFlightNumber=165&departureDate=2026-05-10,
VN,166,arrived,321,AIRBUS A321,85.0,DAD,INTERNATIONAL,DA NANG,1,2026-05-10T11:29:00,2026-05-10T11:35:00,HAN,NOI BAI INTL,HANOI,1,2026-05-10T13:01:00,2026-05-10T13:00:00,"J, C, D, I, O, W, Z, U, Y, B, M, S, H, K, L, Q, N, R, T, E, P, A, G, X, V",https://integration-middleware-website.vietnamairlines.com/api/v1/public/flight/info?marketingAirlineCode=VN&marketingFlightNumber=166&departureDate=2026-05-10,
VN,167,arrived,321,AIRBUS A321,85.0,HAN,NOI BAI INTL,HANOI,1,2026-05-10T10:47:00,2026-05-10T10:55:00,DAD,INTERNATIONAL,DA NANG,1,2026-05-10T12:17:00,2026-05-10T12:20:00,"J, C, D, I, O, W, Z, U, Y, B, M, S, H, K, L, Q, N, R, T, E, P, A, G, X, V",https://integration-middleware-website.vietnamairlines.com/api/v1/public/flight/info?marketingAirlineCode=VN&marketingFlightNumber=167&departureDate=2026-05-10,
VN,168,arrived,321,AIRBUS A321,85.0,DAD,INTERNATIONAL,DA NANG,1,2026-05-10T13:04:00,2026-05-10T12:55:00,HAN,NOI BAI INTL,HANOI,1,2026-05-10T14:32:00,2026-05-10T14:20:00,"J, C, D, I, O, W, Z, U, Y, B, M, S, H, K, L, Q, N, R, T, E, P, A, G, X, V",https://integration-middleware-website.vietnamairlines.com/api/v1/public/flight/info?marketingAirlineCode=VN&marketingFlightNumber=168&departureDate=2026-05-10,
VN,169,arrived,321,AIRBUS A321,85.0,HAN,NOI BAI INTL,HANOI,1,2026-05-10T11:58:00,2026-05-10T11:50:00,DAD,INTERNATIONAL,DA NANG,1,2026-05-10T13:25:00,2026-05-10T13:15:00,"J, C, D, I, O, W, Z, U, Y, B, M, S, H, K, L, Q, N, R, T, E, P, A, G, X, V",https://integration-middleware-website.vietnamairlines.com/api/v1/public/flight/info?marketingAirlineCode=VN&marketingFlightNumber=169&departureDate=2026-05-10,
VN,170,arrived,321,AIRBUS A321,85.0,DAD,INTERNATIONAL,DA NANG,1,2026-05-10T14:01:00,2026-05-10T13:50:00,HAN,NOI BAI INTL,HANOI,1,2026-05-10T15:28:00,2026-05-10T15:15:00,"J, C, D, I, O, W, Z, U, Y, B, M, S, H, K, L, Q, N, R, T, E, P, A, G, X, V",https://integration-middleware-website.vietnamairlines.com/api/v1/public/flight/info?marketingAirlineCode=VN&marketingFlightNumber=170&departureDate=2026-05-10,
VN,171,arrived,321,AIRBUS A321,75.0,HAN,NOI BAI INTL,HANOI,1,2026-05-10T11:32:00,2026-05-10T11:45:00,DAD,INTERNATIONAL,DA NANG,1,2026-05-10T13:08:00,2026-05-10T13:10:00,"J, C, D, I, O, Y, B, M, S, H, K, L, Q, N, R, T, E, P, A, G, X, V",https://integration-middleware-website.vietnamairlines.com/api/v1/public/flight/info?marketingAirlineCode=VN&marketingFlightNumber=171&departureDate=2026-05-10,
VN,172,arrived,321,AIRBUS A321,85.0,DAD,INTERNATIONAL,DA NANG,1,2026-05-10T13:40:00,2026-05-10T13:45:00,HAN,NOI BAI INTL,HANOI,1,2026-05-10T15:00:00,2026-05-10T15:10:00,"J, C, D, I, O, W, Z, U, Y, B, M, S, H, K, L, Q, N, R, T, E, P, A, G, X, V",https://integration-middleware-website.vietnamairlines.com/api/v1/public/flight/info?marketingAirlineCode=VN&marketingFlightNumber=172&departureDate=2026-05-10,
VN,173,arrived,321,AIRBUS A321,85.0,HAN,NOI BAI INTL,HANOI,1,2026-05-10T14:35:00,2026-05-10T14:35:00,DAD,INTERNATIONAL,DA NANG,1,2026-05-10T16:02:00,2026-05-10T16:00:00,"J, C, D, I, O, W, Z, U, Y, B, M, S, H, K, L, Q, N, R, T, E, P, A, G, X, V",https://integration-middleware-website.vietnamairlines.com/api/v1/public/flight/info?marketingAirlineCode=VN&marketingFlightNumber=173&departureDate=2026-05-10,
VN,174,arrived,321,AIRBUS A321,85.0,DAD,INTERNATIONAL,DA NANG,1,2026-05-10T16:42:00,2026-05-10T16:35:00,HAN,NOI BAI INTL,HANOI,1,2026-05-10T18:08:00,2026-05-10T18:00:00,"J, C, D, I, O, W, Z, U, Y, B, M, S, H, K, L, Q, N, R, T, E, P, A, G, X, V",https://integration-middleware-website.vietnamairlines.com/api/v1/public/flight/info?marketingAirlineCode=VN&marketingFlightNumber=174&departureDate=2026-05-10,
VN,175,arrived,321,AIRBUS A321,85.0,HAN,NOI BAI INTL,HANOI,1,2026-05-10T13:39:00,2026-05-10T13:45:00,DAD,INTERNATIONAL,DA NANG,1,2026-05-10T15:01:00,2026-05-10T15:10:00,"J, C, D, I, O, W, Z, U, Y, B, M, S, H, K, L, Q, N, R, T, E, P, A, G, X, V",https://integration-middleware-website.vietnamairlines.com/api/v1/public/flight/info?marketingAirlineCode=VN&marketingFlightNumber=175&departureDate=2026-05-10,
VN,176,arrived,321,AIRBUS A321,85.0,DAD,INTERNATIONAL,DA NANG,1,2026-05-10T15:42:00,2026-05-10T15:45:00,HAN,NOI BAI INTL,HANOI,1,2026-05-10T17:08:00,2026-05-10T17:10:00,"J, C, D, I, O, W, Z, U, Y, B, M, S, H, K, L, Q, N, R, T, E, P, A, G, X, V",https://integration-middleware-website.vietnamairlines.com/api/v1/public/flight/info?marketingAirlineCode=VN&marketingFlightNumber=176&departureDate=2026-05-10,
VN,177,arrived,320,AIRBUS A320,85.0,HAN,NOI BAI INTL,HANOI,1,2026-05-10T16:00:00,2026-05-10T16:10:00,DAD,INTERNATIONAL,DA NANG,1,2026-05-10T17:31:00,2026-05-10T17:35:00,"W, Z, U, Y, B, M, S, H, K, L, Q, N, R, T, E, P, A, G, X, V",https://integration-middleware-website.vietnamairlines.com/api/v1/public/flight/info?marketingAirlineCode=VN&marketingFlightNumber=177&departureDate=2026-05-10,
VN,178,arrived,320,AIRBUS A320,85.0,DAD,INTERNATIONAL,DA NANG,1,2026-05-10T18:11:00,2026-05-10T18:10:00,HAN,NOI BAI INTL,HANOI,1,2026-05-10T19:28:00,2026-05-10T19:35:00,"W, Z, U, Y, B, M, S, H, K, L, Q, N, R, T, E, P, A, G, X, V",https://integration-middleware-website.vietnamairlines.com/api/v1/public/flight/info?marketingAirlineCode=VN&marketingFlightNumber=178&departureDate=2026-05-10,
VN,179,arrived,321,AIRBUS A321,85.0,HAN,NOI BAI INTL,HANOI,1,2026-05-10T16:05:00,2026-05-10T16:05:00,DAD,INTERNATIONAL,DA NANG,1,2026-05-10T17:21:00,2026-05-10T17:30:00,"J, C, D, I, O, W, Z, U, Y, B, M, S, H, K, L, Q, N, R, T, E, P, A, G, X, V",https://integration-middleware-website.vietnamairlines.com/api/v1/public/flight/info?marketingAirlineCode=VN&marketingFlightNumber=179&departureDate=2026-05-10,
VN,180,arrived,321,AIRBUS A321,85.0,DAD,INTERNATIONAL,DA NANG,1,2026-05-10T18:04:00,2026-05-10T18:05:00,HAN,NOI BAI INTL,HANOI,1,2026-05-10T19:22:00,2026-05-10T19:30:00,"J, C, D, I, O, W, Z, U, Y, B, M, S, H, K, L, Q, N, R, T, E, P, A, G, X, V",https://integration-middleware-website.vietnamairlines.com/api/v1/public/flight/info?marketingAirlineCode=VN&marketingFlightNumber=180&departureDate=2026-05-10,
VN,187,arrived,320,AIRBUS A320,85.0,HAN,NOI BAI INTL,HANOI,1,2026-05-10T17:16:00,2026-05-10T17:25:00,DAD,INTERNATIONAL,DA NANG,1,2026-05-10T18:39:00,2026-05-10T18:50:00,"W, Z, U, Y, B, M, S, H, K, L, Q, N, R, T, E, P, A, G, X, V",https://integration-middleware-website.vietnamairlines.com/api/v1/public/flight/info?marketingAirlineCode=VN&marketingFlightNumber=187&departureDate=2026-05-10,
VN,188,arrived,320,AIRBUS A320,85.0,DAD,INTERNATIONAL,DA NANG,1,2026-05-10T19:16:00,2026-05-10T19:25:00,HAN,NOI BAI INTL,HANOI,1,2026-05-10T20:37:00,2026-05-10T20:50:00,"W, Z, U, Y, B, M, S, H, K, L, Q, N, R, T, E, P, A, G, X, V",https://integration-middleware-website.vietnamairlines.com/api/v1/public/flight/info?marketingAirlineCode=VN&marketingFlightNumber=188&departureDate=2026-05-10,
VN,199,arrived,321,AIRBUS A321,85.0,HAN,NOI BAI INTL,HANOI,1,2026-05-10T20:18:00,2026-05-10T20:25:00,DAD,INTERNATIONAL,DA NANG,1,2026-05-10T21:35:00,2026-05-10T21:50:00,"J, C, D, I, O, W, Z, U, Y, B, M, S, H, K, L, Q, N, R, T, E, P, A, G, X, V",https://integration-middleware-website.vietnamairlines.com/api/v1/public/flight/info?marketingAirlineCode=VN&marketingFlightNumber=199&departureDate=2026-05-10,
VN,205,arrived,787,787  ALL SERIES PASSENGER,130.0,HAN,NOI BAI INTL,HANOI,1,2026-05-10T05:06:00,2026-05-10T05:00:00,SGN,TAN SON NHAT INTL,HO CHI MINH CITY,3,2026-05-10T06:58:00,2026-05-10T07:10:00,"J, C, D, I, O, W, Z, U, Y, B, M, S, H, K, L, Q, N, R, T, E, P, A, G, X, V",https://integration-middleware-website.vietnamairlines.com/api/v1/public/flight/info?marketingAirlineCode=VN&marketingFlightNumber=205&departureDate=2026-05-10,
VN,206,arrived,321,AIRBUS A321,130.0,SGN,TAN SON NHAT INTL,HO CHI MINH CITY,3,2026-05-10T05:53:00,2026-05-10T06:00:00,HAN,NOI BAI INTL,HANOI,1,2026-05-10T07:55:00,2026-05-10T08:10:00,"J, C, D, I, O, W, Z, U, Y, B, M, S, H, K, L, Q, N, R, T, E, P, A, G, X, V",https://integration-middleware-website.vietnamairlines.com/api/v1/public/flight/info?marketingAirlineCode=VN&marketingFlightNumber=206&departureDate=2026-05-10,
VN,207,arrived,321,AIRBUS A321,130.0,HAN,NOI BAI INTL,HANOI,1,2026-05-10T07:01:00,2026-05-10T07:00:00,SGN,TAN SON NHAT INTL,HO CHI MINH CITY,3,2026-05-10T09:12:00,2026-05-10T09:10:00,"J, C, D, I, O, W, Z, U, Y, B, M, S, H, K, L, Q, N, R, T, E, P, A, G, X, V",https://integration-middleware-website.vietnamairlines.com/api/v1/public/flight/info?marketingAirlineCode=VN&marketingFlightNumber=207&departureDate=2026-05-10,
VN,208,arrived,787,787  ALL SERIES PASSENGER,130.0,SGN,TAN SON NHAT INTL,HO CHI MINH CITY,3,2026-05-10T07:55:00,2026-05-10T08:00:00,HAN,NOI BAI INTL,HANOI,1,2026-05-10T09:58:00,2026-05-10T10:10:00,"J, C, D, I, O, W, Z, U, Y, B, M, S, H, K, L, Q, N, R, T, E, P, A, G, X, V",https://integration-middleware-website.vietnamairlines.com/api/v1/public/flight/info?marketingAirlineCode=VN&marketingFlightNumber=208&departureDate=2026-05-10,
VN,209,arrived,321,AIRBUS A321,130.0,HAN,NOI BAI INTL,HANOI,1,2026-05-10T08:59:00,2026-05-10T09:00:00,SGN,TAN SON NHAT INTL,HO CHI MINH CITY,3,2026-05-10T11:13:00,2026-05-10T11:10:00,"J, C, D, I, O, W, Z, U, Y, B, M, S, H, K, L, Q, N, R, T, E, P, A, G, X, V",https://integration-middleware-website.vietnamairlines.com/api/v1/public/flight/info?marketingAirlineCode=VN&marketingFlightNumber=209&departureDate=2026-05-10,
VN,210,arrived,787,787  ALL SERIES PASSENGER,130.0,SGN,TAN SON NHAT INTL,HO CHI MINH CITY,3,2026-05-10T10:02:00,2026-05-10T10:00:00,HAN,NOI BAI INTL,HANOI,1,2026-05-10T12:14:00,2026-05-10T12:10:00,"J, C, D, I, O, W, Z, U, Y, B, M, S, H, K, L, Q, N, R, T, E, P, A, G, X, V",https://integration-middleware-website.vietnamairlines.com/api/v1/public/flight/info?marketingAirlineCode=VN&marketingFlightNumber=210&departureDate=2026-05-10,
VN,211,arrived,787,787  ALL SERIES PASSENGER,130.0,HAN,NOI BAI INTL,HANOI,1,2026-05-10T11:01:00,2026-05-10T11:05:00,SGN,TAN SON NHAT INTL,HO CHI MINH CITY,3,2026-05-10T13:21:00,2026-05-10T13:15:00,"J, C, D, I, O, W, Z, U, Y, B, M, S, H, K, L, Q, N, R, T, E, P, A, G, X, V",https://integration-middleware-website.vietnamairlines.com/api/v1/public/flight/info?marketingAirlineCode=VN&marketingFlightNumber=211&departureDate=2026-05-10,
VN,212,arrived,321,AIRBUS A321,130.0,SGN,TAN SON NHAT INTL,HO CHI MINH CITY,3,2026-05-10T12:10:00,2026-05-10T12:00:00,HAN,NOI BAI INTL,HANOI,1,2026-05-10T14:17:00,2026-05-10T14:10:00,"J, C, D, I, O, W, Z, U, Y, B, M, S, H, K, L, Q, N, R, T, E, P, A, G, X, V",https://integration-middleware-website.vietnamairlines.com/api/v1/public/flight/info?marketingAirlineCode=VN&marketingFlightNumber=212&departureDate=2026-05-10,
VN,213,arrived,787,787  ALL SERIES PASSENGER,130.0,HAN,NOI BAI INTL,HANOI,1,2026-05-10T13:04:00,2026-05-10T13:05:00,SGN,TAN SON NHAT INTL,HO CHI MINH CITY,3,2026-05-10T15:11:00,2026-05-10T15:15:00,"J, C, D, I, O, W, Z, U, Y, B, M, S, H, K, L, Q, N, R, T, E, P, A, G, X, V",https://integration-middleware-website.vietnamairlines.com/api/v1/public/flight/info?marketingAirlineCode=VN&marketingFlightNumber=213&departureDate=2026-05-10,
VN,214,arrived,787,787  ALL SERIES PASSENGER,130.0,SGN,TAN SON NHAT INTL,HO CHI MINH CITY,3,2026-05-10T13:56:00,2026-05-10T14:00:00,HAN,NOI BAI INTL,HANOI,1,2026-05-10T16:09:00,2026-05-10T16:10:00,"J, C, D, I, O, W, Z, U, Y, B, M, S, H, K, L, Q, N, R, T, E, P, A, G, X, V",https://integration-middleware-website.vietnamairlines.com/api/v1/public/flight/info?marketingAirlineCode=VN&marketingFlightNumber=214&departureDate=2026-05-10,
VN,215,arrived,787,787  ALL SERIES PASSENGER,130.0,HAN,NOI BAI INTL,HANOI,1,2026-05-10T14:58:00,2026-05-10T15:00:00,SGN,TAN SON NHAT INTL,HO CHI MINH CITY,3,2026-05-10T17:01:00,2026-05-10T17:10:00,"J, C, D, I, O, W, Z, U, Y, B, M, S, H, K, L, Q, N, R, T, E, P, A, G, X, V",https://integration-middleware-website.vietnamairlines.com/api/v1/public/flight/info?marketingAirlineCode=VN&marketingFlightNumber=215&departureDate=2026-05-10,
VN,216,arrived,787,787  ALL SERIES PASSENGER,130.0,SGN,TAN SON NHAT INTL,HO CHI MINH CITY,3,2026-05-10T16:12:00,2026-05-10T16:00:00,HAN,NOI BAI INTL,HANOI,1,2026-05-10T18:28:00,2026-05-10T18:10:00,"J, C, D, I, O, W, Z, U, Y, B, M, S, H, K, L, Q, N, R, T, E, P, A, G, X, V",https://integration-middleware-website.vietnamairlines.com/api/v1/public/flight/info?marketingAirlineCode=VN&marketingFlightNumber=216&departureDate=2026-05-10,
VN,217,arrived,787,787  ALL SERIES PASSENGER,130.0,HAN,NOI BAI INTL,HANOI,1,2026-05-10T17:03:00,2026-05-10T17:00:00,SGN,TAN SON NHAT INTL,HO CHI MINH CITY,3,2026-05-10T19:05:00,2026-05-10T19:10:00,"J, C, D, I, O, W, Z, U, Y, B, M, S, H, K, L, Q, N, R, T, E, P, A, G, X, V",https://integration-middleware-website.vietnamairlines.com/api/v1/public/flight/info?marketingAirlineCode=VN&marketingFlightNumber=217&departureDate=2026-05-10,
VN,218,arrived,787,787  ALL SERIES PASSENGER,130.0,SGN,TAN SON NHAT INTL,HO CHI MINH CITY,3,2026-05-10T18:06:00,2026-05-10T18:05:00,HAN,NOI BAI INTL,HANOI,1,2026-05-10T20:18:00,2026-05-10T20:15:00,"J, C, D, I, O, W, Z, U, Y, B, M, S, H, K, L, Q, N, R, T, E, P, A, G, X, V",https://integration-middleware-website.vietnamairlines.com/api/v1/public/flight/info?marketingAirlineCode=VN&marketingFlightNumber=218&departureDate=2026-05-10,
VN,219,arrived,787,787  ALL SERIES PASSENGER,130.0,HAN,NOI BAI INTL,HANOI,1,2026-05-10T19:07:00,2026-05-10T19:05:00,SGN,TAN SON NHAT INTL,HO CHI MINH CITY,3,2026-05-10T21:07:00,2026-05-10T21:15:00,"J, C, D, I, O, W, Z, U, Y, B, M, S, H, K, L, Q, N, R, T, E, P, A, G, X, V",https://integration-middleware-website.vietnamairlines.com/api/v1/public/flight/info?marketingAirlineCode=VN&marketingFlightNumber=219&departureDate=2026-05-10,
VN,220,arrived,787,787  ALL SERIES PASSENGER,130.0,SGN,TAN SON NHAT INTL,HO CHI MINH CITY,3,2026-05-10T20:07:00,2026-05-10T20:00:00,HAN,NOI BAI INTL,HANOI,1,2026-05-10T22:08:00,2026-05-10T22:10:00,"J, C, D, I, O, W, Z, U, Y, B, M, S, H, K, L, Q, N, R, T, E, P, A, G, X, V",https://integration-middleware-website.vietnamairlines.com/api/v1/public/flight/info?marketingAirlineCode=VN&marketingFlightNumber=220&departureDate=2026-05-10,
VN,221,cancelled,350,AIRBUS INDUSTRIE A350,130.0,HAN,NOI BAI INTL,HANOI,1,2026-05-10T21:00:00,2026-05-10T21:00:00,SGN,TAN SON NHAT INTL,HO CHI MINH CITY,3,2026-05-10T23:10:00,2026-05-10T23:10:00,"J, C, D, I, O, W, Z, U, Y, B, M, S, H, K, L, Q, N, R, T, E, P, A, G, X, V",https://integration-middleware-website.vietnamairlines.com/api/v1/public/flight/info?marketingAirlineCode=VN&marketingFlightNumber=221&departureDate=2026-05-10,
VN,228,cancelled,321,AIRBUS A321,130.0,SGN,TAN SON NHAT INTL,HO CHI MINH CITY,3,2026-05-10T09:30:00,2026-05-10T09:30:00,HAN,NOI BAI INTL,HANOI,1,2026-05-10T11:40:00,2026-05-10T11:40:00,"J, C, D, I, O, W, Z, U, Y, B, M, S, H, K, L, Q, N, R, T, E, P, A, G, X, V",https://integration-middleware-website.vietnamairlines.com/api/v1/public/flight/info?marketingAirlineCode=VN&marketingFlightNumber=228&departureDate=2026-05-10,
VN,229,cancelled,321,AIRBUS A321,130.0,HAN,NOI BAI INTL,HANOI,1,2026-05-10T06:30:00,,SGN,TAN SON NHAT INTL,HO CHI MINH CITY,3,2026-05-10T08:40:00,,"J, C, D, I, O, W, Z, U, Y, B, M, S, H, K, L, Q, N, R, T, E, P, A, G, X, V",https://integration-middleware-website.vietnamairlines.com/api/v1/public/flight/info?marketingAirlineCode=VN&marketingFlightNumber=229&departureDate=2026-05-10,
VN,230,cancelled,321,AIRBUS A321,125.0,SGN,TAN SON NHAT INTL,HO CHI MINH CITY,3,2026-05-10T12:05:00,,HAN,NOI BAI INTL,HANOI,1,2026-05-10T14:10:00,,"J, C, D, I, O, W, Z, U, Y, B, M, S, H, K, L, Q, N, R, T, E, P, A, G, X, V",https://integration-middleware-website.vietnamairlines.com/api/v1/public/flight/info?marketingAirlineCode=VN&marketingFlightNumber=230&departureDate=2026-05-10,
VN,231,cancelled,787,787  ALL SERIES PASSENGER,135.0,HAN,NOI BAI INTL,HANOI,1,2026-05-10T18:30:00,2026-05-10T18:30:00,SGN,TAN SON NHAT INTL,HO CHI MINH CITY,3,2026-05-10T20:45:00,2026-05-10T20:45:00,"J, C, D, I, O, W, Z, U, Y, B, M, S, H, K, L, Q, N, R, T, E, P, A, G, X, V",https://integration-middleware-website.vietnamairlines.com/api/v1/public/flight/info?marketingAirlineCode=VN&marketingFlightNumber=231&departureDate=2026-05-10,
VN,232,cancelled,787,787  ALL SERIES PASSENGER,130.0,SGN,TAN SON NHAT INTL,HO CHI MINH CITY,3,2026-05-10T15:30:00,2026-05-10T15:30:00,HAN,NOI BAI INTL,HANOI,1,2026-05-10T17:40:00,2026-05-10T17:40:00,"J, C, D, I, O, W, Z, U, Y, B, M, S, H, K, L, Q, N, R, T, E, P, A, G, X, V",https://integration-middleware-website.vietnamairlines.com/api/v1/public/flight/info?marketingAirlineCode=VN&marketingFlightNumber=232&departureDate=2026-05-10,
VN,233,cancelled,321,AIRBUS A321,130.0,HAN,NOI BAI INTL,HANOI,1,2026-05-10T12:30:00,2026-05-10T12:30:00,SGN,TAN SON NHAT INTL,HO CHI MINH CITY,3,2026-05-10T14:40:00,2026-05-10T14:40:00,"J, C, D, I, O, W, Z, U, Y, B, M, S, H, K, L, Q, N, R, T, E, P, A, G, X, V",https://integration-middleware-website.vietnamairlines.com/api/v1/public/flight/info?marketingAirlineCode=VN&marketingFlightNumber=233&departureDate=2026-05-10,
VN,234,arrived,321,AIRBUS A321,130.0,SGN,TAN SON NHAT INTL,HO CHI MINH CITY,3,2026-05-10T15:28:00,2026-05-10T15:30:00,HAN,NOI BAI INTL,HANOI,1,2026-05-10T17:28:00,2026-05-10T17:40:00,"J, C, D, I, O, W, Z, U, Y, B, M, S, H, K, L, Q, N, R, T, E, P, A, G, X, V",https://integration-middleware-website.vietnamairlines.com/api/v1/public/flight/info?marketingAirlineCode=VN&marketingFlightNumber=234&departureDate=2026-05-10,
VN,238,cancelled,321,AIRBUS A321,130.0,SGN,TAN SON NHAT INTL,HO CHI MINH CITY,3,2026-05-10T21:30:00,2026-05-10T21:30:00,HAN,NOI BAI INTL,HANOI,1,2026-05-10T23:40:00,2026-05-10T23:40:00,"J, C, D, I, O, W, Z, U, Y, B, M, S, H, K, L, Q, N, R, T, E, P, A, G, X, V",https://integration-middleware-website.vietnamairlines.com/api/v1/public/flight/info?marketingAirlineCode=VN&marketingFlightNumber=238&departureDate=2026-05-10,
VN,239,cancelled,321,AIRBUS A321,130.0,HAN,NOI BAI INTL,HANOI,1,2026-05-10T18:20:00,2026-05-10T18:20:00,SGN,TAN SON NHAT INTL,HO CHI MINH CITY,3,2026-05-10T20:30:00,2026-05-10T20:30:00,"J, C, D, I, O, W, Z, U, Y, B, M, S, H, K, L, Q, N, R, T, E, P, A, G, X, V",https://integration-middleware-website.vietnamairlines.com/api/v1/public/flight/info?marketingAirlineCode=VN&marketingFlightNumber=239&departureDate=2026-05-10,
VN,240,cancelled,787,787  ALL SERIES PASSENGER,130.0,SGN,TAN SON NHAT INTL,HO CHI MINH CITY,3,2026-05-10T07:00:00,2026-05-10T07:00:00,HAN,NOI BAI INTL,HANOI,1,2026-05-10T09:10:00,2026-05-10T09:10:00,"J, C, D, I, O, W, Z, U, Y, B, M, S, H, K, L, Q, N, R, T, E, P, A, G, X, V",https://integration-middleware-website.vietnamairlines.com/api/v1/public/flight/info?marketingAirlineCode=VN&marketingFlightNumber=240&departureDate=2026-05-10,
VN,243,cancelled,321,AIRBUS A321,130.0,HAN,NOI BAI INTL,HANOI,1,2026-05-10T06:00:00,2026-05-10T06:00:00,SGN,TAN SON NHAT INTL,HO CHI MINH CITY,3,2026-05-10T08:10:00,2026-05-10T08:10:00,"J, C, D, I, O, W, Z, U, Y, B, M, S, H, K, L, Q, N, R, T, E, P, A, G, X, V",https://integration-middleware-website.vietnamairlines.com/api/v1/public/flight/info?marketingAirlineCode=VN&marketingFlightNumber=243&departureDate=2026-05-10,
VN,244,arrived,787,787  ALL SERIES PASSENGER,130.0,SGN,TAN SON NHAT INTL,HO CHI MINH CITY,3,2026-05-10T08:57:00,2026-05-10T09:00:00,HAN,NOI BAI INTL,HANOI,1,2026-05-10T11:15:00,2026-05-10T11:10:00,"J, C, D, I, O, W, Z, U, Y, B, M, S, H, K, L, Q, N, R, T, E, P, A, G, X, V",https://integration-middleware-website.vietnamairlines.com/api/v1/public/flight/info?marketingAirlineCode=VN&marketingFlightNumber=244&departureDate=2026-05-10,
VN,245,arrived,321,AIRBUS A321,130.0,HAN,NOI BAI INTL,HANOI,1,2026-05-10T07:58:00,2026-05-10T08:00:00,SGN,TAN SON NHAT INTL,HO CHI MINH CITY,3,2026-05-10T10:20:00,2026-05-10T10:10:00,"J, C, D, I, O, W, Z, U, Y, B, M, S, H, K, L, Q, N, R, T, E, P, A, G, X, V",https://integration-middleware-website.vietnamairlines.com/api/v1/public/flight/info?marketingAirlineCode=VN&marketingFlightNumber=245&departureDate=2026-05-10,
VN,246,arrived,787,787  ALL SERIES PASSENGER,130.0,SGN,TAN SON NHAT INTL,HO CHI MINH CITY,3,2026-05-10T11:07:00,2026-05-10T11:00:00,HAN,NOI BAI INTL,HANOI,1,2026-05-10T13:13:00,2026-05-10T13:10:00,"J, C, D, I, O, W, Z, U, Y, B, M, S, H, K, L, Q, N, R, T, E, P, A, G, X, V",https://integration-middleware-website.vietnamairlines.com/api/v1/public/flight/info?marketingAirlineCode=VN&marketingFlightNumber=246&departureDate=2026-05-10,
VN,247,arrived,787,787  ALL SERIES PASSENGER,130.0,HAN,NOI BAI INTL,HANOI,1,2026-05-10T09:58:00,2026-05-10T10:00:00,SGN,TAN SON NHAT INTL,HO CHI MINH CITY,3,2026-05-10T12:07:00,2026-05-10T12:10:00,"J, C, D, I, O, W, Z, U, Y, B, M, S, H, K, L, Q, N, R, T, E, P, A, G, X, V",https://integration-middleware-website.vietnamairlines.com/api/v1/public/flight/info?marketingAirlineCode=VN&marketingFlightNumber=247&departureDate=2026-05-10,
VN,248,arrived,787,787  ALL SERIES PASSENGER,130.0,SGN,TAN SON NHAT INTL,HO CHI MINH CITY,3,2026-05-10T13:14:00,2026-05-10T13:05:00,HAN,NOI BAI INTL,HANOI,1,2026-05-10T15:19:00,2026-05-10T15:15:00,"J, C, D, I, O, W, Z, U, Y, B, M, S, H, K, L, Q, N, R, T, E, P, A, G, X, V",https://integration-middleware-website.vietnamairlines.com/api/v1/public/flight/info?marketingAirlineCode=VN&marketingFlightNumber=248&departureDate=2026-05-10,
VN,249,cancelled,787,787  ALL SERIES PASSENGER,135.0,HAN,NOI BAI INTL,HANOI,1,2026-05-10T15:30:00,2026-05-10T15:30:00,SGN,TAN SON NHAT INTL,HO CHI MINH CITY,3,2026-05-10T17:45:00,2026-05-10T17:45:00,"J, C, D, I, O, W, Z, U, Y, B, M, S, H, K, L, Q, N, R, T, E, P, A, G, X, V",https://integration-middleware-website.vietnamairlines.com/api/v1/public/flight/info?marketingAirlineCode=VN&marketingFlightNumber=249&departureDate=2026-05-10,
VN,250,arrived,787,787  ALL SERIES PASSENGER,130.0,SGN,TAN SON NHAT INTL,HO CHI MINH CITY,3,2026-05-10T14:55:00,2026-05-10T15:00:00,HAN,NOI BAI INTL,HANOI,1,2026-05-10T17:03:00,2026-05-10T17:10:00,"J, C, D, I, O, W, Z, U, Y, B, M, S, H, K, L, Q, N, R, T, E, P, A, G, X, V",https://integration-middleware-website.vietnamairlines.com/api/v1/public/flight/info?marketingAirlineCode=VN&marketingFlightNumber=250&departureDate=2026-05-10,
VN,251,arrived,787,787  ALL SERIES PASSENGER,130.0,HAN,NOI BAI INTL,HANOI,1,2026-05-10T12:04:00,2026-05-10T12:05:00,SGN,TAN SON NHAT INTL,HO CHI MINH CITY,3,2026-05-10T14:16:00,2026-05-10T14:15:00,"J, C, D, I, O, W, Z, U, Y, B, M, S, H, K, L, Q, N, R, T, E, P, A, G, X, V",https://integration-middleware-website.vietnamairlines.com/api/v1/public/flight/info?marketingAirlineCode=VN&marketingFlightNumber=251&departureDate=2026-05-10,
VN,252,cancelled,787,787  ALL SERIES PASSENGER,130.0,SGN,TAN SON NHAT INTL,HO CHI MINH CITY,3,2026-05-10T16:40:00,2026-05-10T16:40:00,HAN,NOI BAI INTL,HANOI,1,2026-05-10T18:50:00,2026-05-10T18:50:00,"J, C, D, I, O, W, Z, U, Y, B, M, S, H, K, L, Q, N, R, T, E, P, A, G, X, V",https://integration-middleware-website.vietnamairlines.com/api/v1/public/flight/info?marketingAirlineCode=VN&marketingFlightNumber=252&departureDate=2026-05-10,
VN,253,arrived,787,787  ALL SERIES PASSENGER,130.0,HAN,NOI BAI INTL,HANOI,1,2026-05-10T13:58:00,2026-05-10T14:00:00,SGN,TAN SON NHAT INTL,HO CHI MINH CITY,3,2026-05-10T16:00:00,2026-05-10T16:10:00,"J, C, D, I, O, W, Z, U, Y, B, M, S, H, K, L, Q, N, R, T, E, P, A, G, X, V",https://integration-middleware-website.vietnamairlines.com/api/v1/public/flight/info?marketingAirlineCode=VN&marketingFlightNumber=253&departureDate=2026-05-10,
VN,254,arrived,787,787  ALL SERIES PASSENGER,130.0,SGN,TAN SON NHAT INTL,HO CHI MINH CITY,3,2026-05-10T17:01:00,2026-05-10T17:05:00,HAN,NOI BAI INTL,HANOI,1,2026-05-10T18:59:00,2026-05-10T19:15:00,"J, C, D, I, O, W, Z, U, Y, B, M, S, H, K, L, Q, N, R, T, E, P, A, G, X, V",https://integration-middleware-website.vietnamairlines.com/api/v1/public/flight/info?marketingAirlineCode=VN&marketingFlightNumber=254&departureDate=2026-05-10,
VN,256,cancelled,787,787  ALL SERIES PASSENGER,130.0,SGN,TAN SON NHAT INTL,HO CHI MINH CITY,3,2026-05-10T20:30:00,2026-05-10T20:30:00,HAN,NOI BAI INTL,HANOI,1,2026-05-10T22:40:00,2026-05-10T22:40:00,"J, C, D, I, O, W, Z, U, Y, B, M, S, H, K, L, Q, N, R, T, E, P, A, G, X, V",https://integration-middleware-website.vietnamairlines.com/api/v1/public/flight/info?marketingAirlineCode=VN&marketingFlightNumber=256&departureDate=2026-05-10,
VN,257,arrived,321,AIRBUS A321,130.0,HAN,NOI BAI INTL,HANOI,1,2026-05-10T17:34:00,2026-05-10T17:30:00,SGN,TAN SON NHAT INTL,HO CHI MINH CITY,3,2026-05-10T19:40:00,2026-05-10T19:40:00,"J, C, D, I, O, W, Z, U, Y, B, M, S, H, K, L, Q, N, R, T, E, P, A, G, X, V",https://integration-middleware-website.vietnamairlines.com/api/v1/public/flight/info?marketingAirlineCode=VN&marketingFlightNumber=257&departureDate=2026-05-10,
VN,258,arrived,787,787  ALL SERIES PASSENGER,130.0,SGN,TAN SON NHAT INTL,HO CHI MINH CITY,3,2026-05-10T19:01:00,2026-05-10T19:00:00,HAN,NOI BAI INTL,HANOI,1,2026-05-10T21:06:00,2026-05-10T21:10:00,"J, C, D, I, O, W, Z, U, Y, B, M, S, H, K, L, Q, N, R, T, E, P, A, G, X, V",https://integration-middleware-website.vietnamairlines.com/api/v1/public/flight/info?marketingAirlineCode=VN&marketingFlightNumber=258&departureDate=2026-05-10,
VN,259,arrived,787,787  ALL SERIES PASSENGER,130.0,HAN,NOI BAI INTL,HANOI,1,2026-05-10T17:58:00,2026-05-10T18:00:00,SGN,TAN SON NHAT INTL,HO CHI MINH CITY,3,2026-05-10T20:06:00,2026-05-10T20:10:00,"J, C, D, I, O, W, Z, U, Y, B, M, S, H, K, L, Q, N, R, T, E, P, A, G, X, V",https://integration-middleware-website.vietnamairlines.com/api/v1/public/flight/info?marketingAirlineCode=VN&marketingFlightNumber=259&departureDate=2026-05-10,
VN,260,cancelled,787,787  ALL SERIES PASSENGER,130.0,SGN,TAN SON NHAT INTL,HO CHI MINH CITY,3,2026-05-10T21:00:00,2026-05-10T21:00:00,HAN,NOI BAI INTL,HANOI,1,2026-05-10T23:10:00,2026-05-10T23:10:00,"J, C, D, I, O, W, Z, U, Y, B, M, S, H, K, L, Q, N, R, T, E, P, A, G, X, V",https://integration-middleware-website.vietnamairlines.com/api/v1/public/flight/info?marketingAirlineCode=VN&marketingFlightNumber=260&departureDate=2026-05-10,
VN,263,arrived,787,787  ALL SERIES PASSENGER,130.0,HAN,NOI BAI INTL,HANOI,1,2026-05-10T20:11:00,2026-05-10T20:00:00,SGN,TAN SON NHAT INTL,HO CHI MINH CITY,3,2026-05-10T22:12:00,2026-05-10T22:10:00,"J, C, D, I, O, W, Z, U, Y, B, M, S, H, K, L, Q, N, R, T, E, P, A, G, X, V",https://integration-middleware-website.vietnamairlines.com/api/v1/public/flight/info?marketingAirlineCode=VN&marketingFlightNumber=263&departureDate=2026-05-10,
VN,265,cancelled,787,787  ALL SERIES PASSENGER,130.0,HAN,NOI BAI INTL,HANOI,1,2026-05-10T20:30:00,2026-05-10T20:30:00,SGN,TAN SON NHAT INTL,HO CHI MINH CITY,3,2026-05-10T22:40:00,2026-05-10T22:40:00,"J, C, D, I, O, W, Z, U, Y, B, M, S, H, K, L, Q, N, R, T, E, P, A, G, X, V",https://integration-middleware-website.vietnamairlines.com/api/v1/public/flight/info?marketingAirlineCode=VN&marketingFlightNumber=265&departureDate=2026-05-10,
VN,267,arrived,321,AIRBUS A321,130.0,HAN,NOI BAI INTL,HANOI,1,2026-05-10T21:53:00,2026-05-10T22:00:00,SGN,TAN SON NHAT INTL,HO CHI MINH CITY,3,2026-05-11T00:00:00,2026-05-11T00:10:00,"J, C, D, I, O, W, Z, U, Y, B, M, S, H, K, L, Q, N, R, T, E, P, A, G, X, V",https://integration-middleware-website.vietnamairlines.com/api/v1/public/flight/info?marketingAirlineCode=VN&marketingFlightNumber=267&departureDate=2026-05-10,
VN,270,arrived,321,AIRBUS A321,130.0,SGN,TAN SON NHAT INTL,HO CHI MINH CITY,3,2026-05-10T22:54:00,2026-05-10T23:00:00,HAN,NOI BAI INTL,HANOI,1,2026-05-11T01:00:00,2026-05-11T01:10:00,"J, C, D, I, O, W, Z, U, Y, B, M, S, H, K, L, Q, N, R, T, E, P, A, G, X, V",https://integration-middleware-website.vietnamairlines.com/api/v1/public/flight/info?marketingAirlineCode=VN&marketingFlightNumber=270&departureDate=2026-05-10,
VN,273,arrived,350,AIRBUS INDUSTRIE A350,130.0,HAN,NOI BAI INTL,HANOI,1,2026-05-10T16:11:00,2026-05-10T16:00:00,SGN,TAN SON NHAT INTL,HO CHI MINH CITY,3,2026-05-10T18:12:00,2026-05-10T18:10:00,"J, C, D, I, O, W, Z, U, Y, B, M, S, H, K, L, Q, N, R, T, E, P, A, G, X, V",https://integration-middleware-website.vietnamairlines.com/api/v1/public/flight/info?marketingAirlineCode=VN&marketingFlightNumber=273&departureDate=2026-05-10,
VN,306,arrived,787,787  ALL SERIES PASSENGER,340.0,SGN,TAN SON NHAT INTL,HO CHI MINH CITY,2,2026-05-10T00:28:00,2026-05-10T00:20:00,NRT,NARITA INTL,TOKYO,1,2026-05-10T07:58:00,2026-05-10T08:00:00,"J, C, D, I, O, Y, B, M, S, H, K, L, Q, N, R, T, A, E, P, G, X, V",https://integration-middleware-website.vietnamairlines.com/api/v1/public/flight/info?marketingAirlineCode=VN&marketingFlightNumber=306&departureDate=2026-05-10,
VN,307,arrived,787,787  ALL SERIES PASSENGER,360.0,NRT,NARITA INTL,TOKYO,1,2026-05-10T09:23:00,2026-05-10T09:30:00,SGN,TAN SON NHAT INTL,HO CHI MINH CITY,2,2026-05-10T13:29:00,2026-05-10T13:30:00,"J, C, D, I, O, Y, B, M, S, H, K, L, Q, N, R, T, A, E, P, G, X, V",https://integration-middleware-website.vietnamairlines.com/api/v1/public/flight/info?marketingAirlineCode=VN&marketingFlightNumber=307&departureDate=2026-05-10,
VN,310,arrived,787,787  ALL SERIES PASSENGER,310.0,HAN,NOI BAI INTL,HANOI,2,2026-05-10T00:19:00,2026-05-10T00:25:00,NRT,NARITA INTL,TOKYO,1,2026-05-10T06:54:00,2026-05-10T07:35:00,"J, C, D, I, O, Y, B, M, S, H, K, L, Q, N, R, T, A, E, P, G, X, V",https://integration-middleware-website.vietnamairlines.com/api/v1/public/flight/info?marketingAirlineCode=VN&marketingFlightNumber=310&departureDate=2026-05-10,
VN,311,arrived,787,787  ALL SERIES PASSENGER,340.0,NRT,NARITA INTL,TOKYO,1,2026-05-10T09:42:00,2026-05-10T09:30:00,HAN,NOI BAI INTL,HANOI,2,2026-05-10T13:21:00,2026-05-10T13:10:00,"J, C, D, I, O, Y, B, M, S, H, K, L, Q, N, R, T, A, E, P, G, X, V",https://integration-middleware-website.vietnamairlines.com/api/v1/public/flight/info?marketingAirlineCode=VN&marketingFlightNumber=311&departureDate=2026-05-10,
VN,318,arrived,321,AIRBUS A321,325.0,DAD,INTERNATIONAL,DA NANG,2,2026-05-09T23:56:00,2026-05-10T00:10:00,NRT,NARITA INTL,TOKYO,1,2026-05-10T07:19:00,2026-05-10T07:35:00,"J, C, D, I, O, Y, B, M, S, H, K, L, Q, N, R, T, A, E, P, G, X, V",https://integration-middleware-website.vietnamairlines.com/api/v1/public/flight/info?marketingAirlineCode=VN&marketingFlightNumber=318&departureDate=2026-05-10,
VN,319,arrived,321,AIRBUS A321,340.0,NRT,NARITA INTL,TOKYO,1,2026-05-10T09:00:00,2026-05-10T09:00:00,DAD,INTERNATIONAL,DA NANG,2,2026-05-10T12:57:00,2026-05-10T12:40:00,"J, C, D, I, O, Y, B, M, S, H, K, L, Q, N, R, T, A, E, P, G, X, V",https://integration-middleware-website.vietnamairlines.com/api/v1/public/flight/info?marketingAirlineCode=VN&marketingFlightNumber=319&departureDate=2026-05-10,
VN,320,arrived,350,AIRBUS INDUSTRIE A350,310.0,SGN,TAN SON NHAT INTL,HO CHI MINH CITY,2,2026-05-10T00:20:00,2026-05-10T00:10:00,KIX,KANSAI INTERNATIONAL,OSAKA,1,2026-05-10T07:21:00,2026-05-10T07:20:00,"J, C, D, I, O, Y, B, M, S, H, K, L, Q, N, R, T, A, E, P, G, X, V",https://integration-middleware-website.vietnamairlines.com/api/v1/public/flight/info?marketingAirlineCode=VN&marketingFlightNumber=320&departureDate=2026-05-10,
VN,321,arrived,350,AIRBUS INDUSTRIE A350,325.0,KIX,KANSAI INTERNATIONAL,OSAKA,1,2026-05-10T09:59:00,2026-05-10T10:00:00,SGN,TAN SON NHAT INTL,HO CHI MINH CITY,2,2026-05-10T13:27:00,2026-05-10T13:25:00,"J, C, D, I, O, Y, B, M, S, H, K, L, Q, N, R, T, A, E, P, G, X, V",https://integration-middleware-website.vietnamairlines.com/api/v1/public/flight/info?marketingAirlineCode=VN&marketingFlightNumber=321&departureDate=2026-05-10,
VN,334,arrived,787,787  ALL SERIES PASSENGER,265.0,HAN,NOI BAI INTL,HANOI,2,2026-05-10T00:12:00,2026-05-10T00:15:00,KIX,KANSAI INTERNATIONAL,OSAKA,1,2026-05-10T06:15:00,2026-05-10T06:40:00,"J, C, D, I, O, Y, B, M, S, H, K, L, Q, N, R, T, A, E, P, G, X, V",https://integration-middleware-website.vietnamairlines.com/api/v1/public/flight/info?marketingAirlineCode=VN&marketingFlightNumber=334&departureDate=2026-05-10,
VN,335,arrived,787,787  ALL SERIES PASSENGER,300.0,KIX,KANSAI INTERNATIONAL,OSAKA,1,2026-05-10T09:51:00,2026-05-10T10:00:00,HAN,NOI BAI INTL,HANOI,2,2026-05-10T13:09:00,2026-05-10T13:00:00,"J, C, D, I, O, Y, B, M, S, H, K, L, Q, N, R, T, A, E, P, G, X, V",https://integration-middleware-website.vietnamairlines.com/api/v1/public/flight/info?marketingAirlineCode=VN&marketingFlightNumber=335&departureDate=2026-05-10,
VN,336,arrived,321,AIRBUS A321,285.0,DAD,INTERNATIONAL,DA NANG,2,2026-05-10T01:14:00,2026-05-10T01:10:00,KIX,KANSAI INTERNATIONAL,OSAKA,1,2026-05-10T07:43:00,2026-05-10T07:55:00,"J, C, D, I, O, Y, B, M, S, H, K, L, Q, N, R, T, A, E, P, G, X, V",https://integration-middleware-website.vietnamairlines.com/api/v1/public/flight/info?marketingAirlineCode=VN&marketingFlightNumber=336&departureDate=2026-05-10,
VN,337,arrived,321,AIRBUS A321,295.0,KIX,KANSAI INTERNATIONAL,OSAKA,1,2026-05-10T09:13:00,2026-05-10T09:30:00,DAD,INTERNATIONAL,DA NANG,2,2026-05-10T12:28:00,2026-05-10T12:25:00,"J, C, D, I, O, Y, B, M, S, H, K, L, Q, N, R, T, A, E, P, G, X, V",https://integration-middleware-website.vietnamairlines.com/api/v1/public/flight/info?marketingAirlineCode=VN&marketingFlightNumber=337&departureDate=2026-05-10,
VN,342,arrived,321,AIRBUS A321,329.0,SGN,TAN SON NHAT INTL,HO CHI MINH CITY,2,2026-05-10T23:51:00,2026-05-11T00:00:00,NGO,CHUBU CENTRAIR INTL,NAGOYA,1,2026-05-11T07:15:00,2026-05-11T07:30:00,"J, C, D, I, O, Y, B, M, S, H, K, L, Q, N, R, T, A, E, P, G, X, V",https://integration-middleware-website.vietnamairlines.com/api/v1/public/flight/info?marketingAirlineCode=VN&marketingFlightNumber=342&departureDate=2026-05-10,
VN,343,arrived,321,AIRBUS A321,340.0,NGO,CHUBU CENTRAIR INTL,NAGOYA,1,2026-05-10T08:49:00,2026-05-10T09:00:00,SGN,TAN SON NHAT INTL,HO CHI MINH CITY,2,2026-05-10T12:34:00,2026-05-10T12:40:00,"J, C, D, I, O, Y, B, M, S, H, K, L, Q, N, R, T, A, E, P, G, X, V",https://integration-middleware-website.vietnamairlines.com/api/v1/public/flight/info?marketingAirlineCode=VN&marketingFlightNumber=343&departureDate=2026-05-10,
VN,348,arrived,350,AIRBUS INDUSTRIE A350,280.0,HAN,NOI BAI INTL,HANOI,2,2026-05-10T00:06:00,2026-05-10T00:15:00,NGO,CHUBU CENTRAIR INTL,NAGOYA,1,2026-05-10T06:28:00,2026-05-10T06:55:00,"J, C, D, I, O, Y, B, M, S, H, K, L, Q, N, R, T, A, E, P, G, X, V",https://integration-middleware-website.vietnamairlines.com/api/v1/public/flight/info?marketingAirlineCode=VN&marketingFlightNumber=348&departureDate=2026-05-10,
VN,349,arrived,350,AIRBUS INDUSTRIE A350,315.0,NGO,CHUBU CENTRAIR INTL,NAGOYA,1,2026-05-10T09:29:00,2026-05-10T09:30:00,HAN,NOI BAI INTL,HANOI,2,2026-05-10T12:57:00,2026-05-10T12:45:00,"J, C, D, I, O, Y, B, M, S, H, K, L, Q, N, R, T, A, E, P, G, X, V",https://integration-middleware-website.vietnamairlines.com/api/v1/public/flight/info?marketingAirlineCode=VN&marketingFlightNumber=349&departureDate=2026-05-10,
VN,350,arrived,321,AIRBUS A321,300.0,SGN,TAN SON NHAT INTL,HO CHI MINH CITY,2,2026-05-10T00:41:00,2026-05-10T00:35:00,FUK,FUKUOKA,FUKUOKA,I,2026-05-10T07:33:00,2026-05-10T07:35:00,"J, C, D, I, O, Y, B, M, S, H, K, L, Q, N, R, T, A, E, P, G, X, V",https://integration-middleware-website.vietnamairlines.com/api/v1/public/flight/info?marketingAirlineCode=VN&marketingFlightNumber=350&departureDate=2026-05-10,
VN,351,arrived,321,AIRBUS A321,310.0,FUK,FUKUOKA,FUKUOKA,I,2026-05-10T10:05:00,2026-05-10T10:00:00,SGN,TAN SON NHAT INTL,HO CHI MINH CITY,2,2026-05-10T13:10:00,2026-05-10T13:10:00,"J, C, D, I, O, Y, B, M, S, H, K, L, Q, N, R, T, A, E, P, G, X, V",https://integration-middleware-website.vietnamairlines.com/api/v1/public/flight/info?marketingAirlineCode=VN&marketingFlightNumber=351&departureDate=2026-05-10,
VN,356,arrived,321,AIRBUS A321,245.0,HAN,NOI BAI INTL,HANOI,2,2026-05-10T01:21:00,2026-05-10T01:30:00,FUK,FUKUOKA,FUKUOKA,I,2026-05-10T07:16:00,2026-05-10T07:35:00,"J, C, D, I, O, Y, B, M, S, H, K, L, Q, N, R, T, A, E, P, G, X, V",https://integration-middleware-website.vietnamairlines.com/api/v1/public/flight/info?marketingAirlineCode=VN&marketingFlightNumber=356&departureDate=2026-05-10,
VN,357,arrived,321,AIRBUS A321,270.0,FUK,FUKUOKA,FUKUOKA,I,2026-05-10T09:58:00,2026-05-10T10:00:00,HAN,NOI BAI INTL,HANOI,2,2026-05-10T12:34:00,2026-05-10T12:30:00,"J, C, D, I, O, Y, B, M, S, H, K, L, Q, N, R, T, A, E, P, G, X, V",https://integration-middleware-website.vietnamairlines.com/api/v1/public/flight/info?marketingAirlineCode=VN&marketingFlightNumber=357&departureDate=2026-05-10,
VN,384,arrived,359,AIRBUS A350-900,300.0,HAN,NOI BAI INTL,HANOI,2,2026-05-10T08:01:00,2026-05-10T08:05:00,HND,TOKYO INTL HANEDA,TOKYO,3,2026-05-10T14:50:00,2026-05-10T15:05:00,"J, C, D, I, O, W, Z, U, Y, B, M, S, H, K, L, Q, N, R, T, A, E, P, G, X, V",https://integration-middleware-website.vietnamairlines.com/api/v1/public/flight/info?marketingAirlineCode=VN&marketingFlightNumber=384&departureDate=2026-05-10,
VN,385,arrived,359,AIRBUS A350-900,330.0,HND,TOKYO INTL HANEDA,TOKYO,3,2026-05-10T16:25:00,2026-05-10T16:35:00,HAN,NOI BAI INTL,HANOI,2,2026-05-10T20:13:00,2026-05-10T20:05:00,"J, C, D, I, O, W, Z, U, Y, B, M, S, H, K, L, Q, N, R, T, A, E, P, G, X, V",https://integration-middleware-website.vietnamairlines.com/api/v1/public/flight/info?marketingAirlineCode=VN&marketingFlightNumber=385&departureDate=2026-05-10,
VN,402,arrived,321,AIRBUS A321,320.0,SGN,TAN SON NHAT INTL,HO CHI MINH CITY,2,2026-05-10T09:22:00,2026-05-10T09:05:00,ICN,INCHEON INTERNATIONAL,SEOUL,1,2026-05-10T16:37:00,2026-05-10T16:25:00,"J, C, D, I, O, Y, B, M, S, H, K, L, Q, N, R, T, A, E, P, G, X, V",https://integration-middleware-website.vietnamairlines.com/api/v1/public/flight/info?marketingAirlineCode=VN&marketingFlightNumber=402&departureDate=2026-05-10,
VN,403,arrived,321,AIRBUS A321,325.0,ICN,INCHEON INTERNATIONAL,SEOUL,1,2026-05-10T17:46:00,2026-05-10T17:55:00,SGN,TAN SON NHAT INTL,HO CHI MINH CITY,2,2026-05-10T20:54:00,2026-05-10T21:20:00,"J, C, D, I, O, Y, B, M, S, H, K, L, Q, N, R, T, A, E, P, G, X, V",https://integration-middleware-website.vietnamairlines.com/api/v1/public/flight/info?marketingAirlineCode=VN&marketingFlightNumber=403&departureDate=2026-05-10,
VN,408,arrived,787,787  ALL SERIES PASSENGER,295.0,SGN,TAN SON NHAT INTL,HO CHI MINH CITY,2,2026-05-11T00:32:00,2026-05-10T23:45:00,ICN,INCHEON INTERNATIONAL,SEOUL,1,2026-05-11T07:25:00,2026-05-11T06:40:00,"J, C, D, I, O, Y, B, M, S, H, K, L, Q, N, R, T, A, E, P, G, X, V",https://integration-middleware-website.vietnamairlines.com/api/v1/public/flight/info?marketingAirlineCode=VN&marketingFlightNumber=408&departureDate=2026-05-10,
VN,409,arrived,787,787  ALL SERIES PASSENGER,310.0,ICN,INCHEON INTERNATIONAL,SEOUL,1,2026-05-10T10:32:00,2026-05-10T10:35:00,SGN,TAN SON NHAT INTL,HO CHI MINH CITY,2,2026-05-10T13:38:00,2026-05-10T13:45:00,"J, C, D, I, O, Y, B, M, S, H, K, L, Q, N, R, T, A, E, P, G, X, V",https://integration-middleware-website.vietnamairlines.com/api/v1/public/flight/info?marketingAirlineCode=VN&marketingFlightNumber=409&departureDate=2026-05-10,
VN,414,arrived,359,AIRBUS A350-900,255.0,HAN,NOI BAI INTL,HANOI,2,2026-05-10T10:17:00,2026-05-10T10:20:00,ICN,INCHEON INTERNATIONAL,SEOUL,1,2026-05-10T16:25:00,2026-05-10T16:35:00,"J, C, D, I, O, Y, B, M, S, H, K, L, Q, N, R, T, A, E, P, G, X, V",https://integration-middleware-website.vietnamairlines.com/api/v1/public/flight/info?marketingAirlineCode=VN&marketingFlightNumber=414&departureDate=2026-05-10,
VN,415,arrived,359,AIRBUS A350-900,270.0,ICN,INCHEON INTERNATIONAL,SEOUL,1,2026-05-10T17:54:00,2026-05-10T18:05:00,HAN,NOI BAI INTL,HANOI,2,2026-05-10T20:31:00,2026-05-10T20:35:00,"J, C, D, I, O, Y, B, M, S, H, K, L, Q, N, R, T, A, E, P, G, X, V",https://integration-middleware-website.vietnamairlines.com/api/v1/public/flight/info?marketingAirlineCode=VN&marketingFlightNumber=415&departureDate=2026-05-10,
VN,416,arrived,787,787  ALL SERIES PASSENGER,255.0,HAN,NOI BAI INTL,HANOI,2,2026-05-10T23:31:00,2026-05-10T23:35:00,ICN,INCHEON INTERNATIONAL,SEOUL,1,2026-05-11T05:21:00,2026-05-11T05:50:00,"J, C, D, I, O, Y, B, M, S, H, K, L, Q, N, R, T, A, E, P, G, X, V",https://integration-middleware-website.vietnamairlines.com/api/v1/public/flight/info?marketingAirlineCode=VN&marketingFlightNumber=416&departureDate=2026-05-10,
VN,417,arrived,787,787  ALL SERIES PASSENGER,270.0,ICN,INCHEON INTERNATIONAL,SEOUL,1,2026-05-10T10:02:00,2026-05-10T10:05:00,HAN,NOI BAI INTL,HANOI,2,2026-05-10T12:37:00,2026-05-10T12:35:00,"J, C, D, I, O, Y, B, M, S, H, K, L, Q, N, R, T, A, E, P, G, X, V",https://integration-middleware-website.vietnamairlines.com/api/v1/public/flight/info?marketingAirlineCode=VN&marketingFlightNumber=417&departureDate=2026-05-10,
VN,422,arrived,787,787  ALL SERIES PASSENGER,280.0,SGN,TAN SON NHAT INTL,HO CHI MINH CITY,2,2026-05-10T01:48:00,2026-05-10T01:10:00,PUS,GIMHAE INTL,BUSAN,I,2026-05-10T08:21:00,2026-05-10T07:50:00,"J, C, D, I, O, Y, B, M, S, H, K, L, Q, N, R, T, A, E, P, G, X, V",https://integration-middleware-website.vietnamairlines.com/api/v1/public/flight/info?marketingAirlineCode=VN&marketingFlightNumber=422&departureDate=2026-05-10,
VN,423,arrived,787,787  ALL SERIES PASSENGER,295.0,PUS,GIMHAE INTL,BUSAN,I,2026-05-10T09:47:00,2026-05-10T10:00:00,SGN,TAN SON NHAT INTL,HO CHI MINH CITY,2,2026-05-10T12:35:00,2026-05-10T12:55:00,"J, C, D, I, O, Y, B, M, S, H, K, L, Q, N, R, T, A, E, P, G, X, V",https://integration-middleware-website.vietnamairlines.com/api/v1/public/flight/info?marketingAirlineCode=VN&marketingFlightNumber=423&departureDate=2026-05-10,
VN,428,arrived,787,787  ALL SERIES PASSENGER,230.0,HAN,NOI BAI INTL,HANOI,2,2026-05-10T01:17:00,2026-05-10T01:15:00,PUS,GIMHAE INTL,BUSAN,I,2026-05-10T06:52:00,2026-05-10T07:05:00,"J, C, D, I, O, Y, B, M, S, H, K, L, Q, N, R, T, A, E, P, G, X, V",https://integration-middleware-website.vietnamairlines.com/api/v1/public/flight/info?marketingAirlineCode=VN&marketingFlightNumber=428&departureDate=2026-05-10,
VN,429,arrived,787,787  ALL SERIES PASSENGER,255.0,PUS,GIMHAE INTL,BUSAN,I,2026-05-10T10:39:00,2026-05-10T11:00:00,HAN,NOI BAI INTL,HANOI,2,2026-05-10T13:00:00,2026-05-10T13:15:00,"J, C, D, I, O, Y, B, M, S, H, K, L, Q, N, R, T, A, E, P, G, X, V",https://integration-middleware-website.vietnamairlines.com/api/v1/public/flight/info?marketingAirlineCode=VN&marketingFlightNumber=429&departureDate=2026-05-10,
VN,430,arrived,321,AIRBUS A321,270.0,DAD,INTERNATIONAL,DA NANG,2,2026-05-10T23:18:00,2026-05-10T23:30:00,ICN,INCHEON INTERNATIONAL,SEOUL,1,2026-05-11T05:49:00,2026-05-11T06:00:00,"J, C, D, I, O, Y, B, M, S, H, K, L, Q, N, R, T, A, E, P, G, X, V",https://integration-middleware-website.vietnamairlines.com/api/v1/public/flight/info?marketingAirlineCode=VN&marketingFlightNumber=430&departureDate=2026-05-10,
VN,431,arrived,321,AIRBUS A321,285.0,ICN,INCHEON INTERNATIONAL,SEOUL,1,2026-05-10T11:09:00,2026-05-10T11:05:00,DAD,INTERNATIONAL,DA NANG,2,2026-05-10T14:06:00,2026-05-10T13:50:00,"J, C, D, I, O, Y, B, M, S, H, K, L, Q, N, R, T, A, E, P, G, X, V",https://integration-middleware-website.vietnamairlines.com/api/v1/public/flight/info?marketingAirlineCode=VN&marketingFlightNumber=431&departureDate=2026-05-10,
VN,435,arrived,321,AIRBUS A321,275.0,PUS,GIMHAE INTL,BUSAN,I,2026-05-10T08:03:00,2026-05-10T08:10:00,CXR,CAM RANH INTL,NHA TRANG,2,2026-05-10T10:37:00,2026-05-10T10:45:00,"J, C, D, I, O, Y, B, M, S, H, K, L, Q, N, R, T, A, E, P, G, X, V",https://integration-middleware-website.vietnamairlines.com/api/v1/public/flight/info?marketingAirlineCode=VN&marketingFlightNumber=435&departureDate=2026-05-10,
VN,440,arrived,321,AIRBUS A321,295.0,CXR,CAM RANH INTL,NHA TRANG,2,2026-05-10T21:26:00,2026-05-10T21:35:00,ICN,INCHEON INTERNATIONAL,SEOUL,1,2026-05-11T04:11:00,2026-05-11T04:30:00,"J, C, D, I, O, Y, B, M, S, H, K, L, Q, N, R, T, A, E, P, G, X, V",https://integration-middleware-website.vietnamairlines.com/api/v1/public/flight/info?marketingAirlineCode=VN&marketingFlightNumber=440&departureDate=2026-05-10,
VN,441,arrived,321,AIRBUS A321,295.0,ICN,INCHEON INTERNATIONAL,SEOUL,1,2026-05-10T06:41:00,2026-05-10T06:50:00,CXR,CAM RANH INTL,NHA TRANG,2,2026-05-10T09:35:00,2026-05-10T09:45:00,"J, C, D, I, O, Y, B, M, S, H, K, L, Q, N, R, T, A, E, P, G, X, V",https://integration-middleware-website.vietnamairlines.com/api/v1/public/flight/info?marketingAirlineCode=VN&marketingFlightNumber=441&departureDate=2026-05-10,
VN,502,arrived,321,AIRBUS A321,180.0,SGN,TAN SON NHAT INTL,HO CHI MINH CITY,2,2026-05-10T10:20:00,2026-05-10T10:10:00,CAN,BAIYUN INTL,GUANGZHOU,2,2026-05-10T14:16:00,2026-05-10T14:10:00,"J, C, D, I, O, Y, B, M, S, H, K, L, Q, N, R, T, A, E, P, G, X, V",https://integration-middleware-website.vietnamairlines.com/api/v1/public/flight/info?marketingAirlineCode=VN&marketingFlightNumber=502&departureDate=2026-05-10,
VN,503,arrived,321,AIRBUS A321,185.0,CAN,BAIYUN INTL,GUANGZHOU,2,2026-05-10T15:04:00,2026-05-10T15:15:00,SGN,TAN SON NHAT INTL,HO CHI MINH CITY,2,2026-05-10T16:54:00,2026-05-10T17:20:00,"J, C, D, I, O, Y, B, M, S, H, K, L, Q, N, R, T, A, E, P, G, X, V",https://integration-middleware-website.vietnamairlines.com/api/v1/public/flight/info?marketingAirlineCode=VN&marketingFlightNumber=503&departureDate=2026-05-10,
VN,506,arrived,321,AIRBUS A321,115.0,HAN,NOI BAI INTL,HANOI,2,2026-05-10T12:12:00,2026-05-10T12:25:00,CAN,BAIYUN INTL,GUANGZHOU,2,2026-05-10T14:46:00,2026-05-10T15:20:00,"J, C, D, I, O, Y, B, M, S, H, K, L, Q, N, R, T, A, E, P, G, X, V",https://integration-middleware-website.vietnamairlines.com/api/v1/public/flight/info?marketingAirlineCode=VN&marketingFlightNumber=506&departureDate=2026-05-10,
VN,512,arrived,321,AIRBUS A321,220.0,HAN,NOI BAI INTL,HANOI,2,2026-05-10T09:57:00,2026-05-10T10:05:00,PEK,CAPITAL INTL,BEIJING,2,2026-05-10T14:30:00,2026-05-10T14:45:00,"J, C, D, I, O, Y, B, M, S, H, K, L, Q, N, R, T, A, E, P, G, X, V",https://integration-middleware-website.vietnamairlines.com/api/v1/public/flight/info?marketingAirlineCode=VN&marketingFlightNumber=512&departureDate=2026-05-10,
VN,513,arrived,321,AIRBUS A321,235.0,PEK,CAPITAL INTL,BEIJING,2,2026-05-10T15:21:00,2026-05-10T15:45:00,HAN,NOI BAI INTL,HANOI,2,2026-05-10T18:06:00,2026-05-10T18:40:00,"J, C, D, I, O, Y, B, M, S, H, K, L, Q, N, R, T, A, E, P, G, X, V",https://integration-middleware-website.vietnamairlines.com/api/v1/public/flight/info?marketingAirlineCode=VN&marketingFlightNumber=513&departureDate=2026-05-10,
VN,516,arrived,321,AIRBUS A321,295.0,SGN,TAN SON NHAT INTL,HO CHI MINH CITY,2,2026-05-10T00:47:00,2026-05-10T00:35:00,PKX,DAXING INTL,BEIJING,,2026-05-10T06:44:00,2026-05-10T06:30:00,"J, C, D, I, O, Y, B, M, S, H, K, L, Q, N, R, T, A, E, P, G, X, V",https://integration-middleware-website.vietnamairlines.com/api/v1/public/flight/info?marketingAirlineCode=VN&marketingFlightNumber=516&departureDate=2026-05-10,
VN,517,arrived,321,AIRBUS A321,305.0,PKX,DAXING INTL,BEIJING,,2026-05-10T08:21:00,2026-05-10T08:30:00,SGN,TAN SON NHAT INTL,HO CHI MINH CITY,2,2026-05-10T12:20:00,2026-05-10T12:35:00,"J, C, D, I, O, Y, B, M, S, H, K, L, Q, N, R, T, A, E, P, G, X, V",https://integration-middleware-website.vietnamairlines.com/api/v1/public/flight/info?marketingAirlineCode=VN&marketingFlightNumber=517&departureDate=2026-05-10,
VN,524,arrived,350,AIRBUS INDUSTRIE A350,260.0,SGN,TAN SON NHAT INTL,HO CHI MINH CITY,2,2026-05-10T07:27:00,2026-05-10T07:20:00,PVG,PUDONG INTL,SHANGHAI,1,2026-05-10T12:26:00,2026-05-10T12:40:00,"J, C, D, I, O, Y, B, M, S, H, K, L, Q, N, R, T, A, E, P, G, X, V",https://integration-middleware-website.vietnamairlines.com/api/v1/public/flight/info?marketingAirlineCode=VN&marketingFlightNumber=524&departureDate=2026-05-10,
VN,525,arrived,350,AIRBUS INDUSTRIE A350,260.0,PVG,PUDONG INTL,SHANGHAI,1,2026-05-10T15:03:00,2026-05-10T15:10:00,SGN,TAN SON NHAT INTL,HO CHI MINH CITY,2,2026-05-10T18:16:00,2026-05-10T18:30:00,"J, C, D, I, O, Y, B, M, S, H, K, L, Q, N, R, T, A, E, P, G, X, V",https://integration-middleware-website.vietnamairlines.com/api/v1/public/flight/info?marketingAirlineCode=VN&marketingFlightNumber=525&departureDate=2026-05-10,
VN,532,arrived,321,AIRBUS A321,195.0,HAN,NOI BAI INTL,HANOI,2,2026-05-10T10:06:00,2026-05-10T10:10:00,PVG,PUDONG INTL,SHANGHAI,1,2026-05-10T14:10:00,2026-05-10T14:25:00,"J, C, D, I, O, Y, B, M, S, H, K, L, Q, N, R, T, A, E, P, G, X, V",https://integration-middleware-website.vietnamairlines.com/api/v1/public/flight/info?marketingAirlineCode=VN&marketingFlightNumber=532&departureDate=2026-05-10,
VN,533,arrived,321,AIRBUS A321,215.0,PVG,PUDONG INTL,SHANGHAI,1,2026-05-10T15:49:00,2026-05-10T15:50:00,HAN,NOI BAI INTL,HANOI,2,2026-05-10T18:36:00,2026-05-10T18:25:00,"J, C, D, I, O, Y, B, M, S, H, K, L, Q, N, R, T, A, E, P, G, X, V",https://integration-middleware-website.vietnamairlines.com/api/v1/public/flight/info?marketingAirlineCode=VN&marketingFlightNumber=533&departureDate=2026-05-10,
VN,570,arrived,321,AIRBUS A321,215.0,SGN,TAN SON NHAT INTL,HO CHI MINH CITY,2,2026-05-10T16:33:00,2026-05-10T16:30:00,TPE,TAIWAN TAOYUAN INTL,TAIPEI,2,2026-05-10T21:05:00,2026-05-10T21:05:00,"J, C, D, I, O, Y, B, M, S, H, K, L, Q, N, R, T, A, E, P, G, X, V",https://integration-middleware-website.vietnamairlines.com/api/v1/public/flight/info?marketingAirlineCode=VN&marketingFlightNumber=570&departureDate=2026-05-10,
VN,571,cancelled,321,AIRBUS A321,215.0,TPE,TAIWAN TAOYUAN INTL,TAIPEI,2,2026-05-10T07:45:00,,SGN,TAN SON NHAT INTL,HO CHI MINH CITY,2,2026-05-10T10:20:00,,"J, C, D, I, O, Y, B, M, S, H, K, L, Q, N, R, T, A, E, P, G, X, V",https://integration-middleware-website.vietnamairlines.com/api/v1/public/flight/info?marketingAirlineCode=VN&marketingFlightNumber=571&departureDate=2026-05-10,
VN,578,arrived,321,AIRBUS A321,170.0,HAN,NOI BAI INTL,HANOI,2,2026-05-10T17:19:00,2026-05-10T17:20:00,TPE,TAIWAN TAOYUAN INTL,TAIPEI,2,2026-05-10T20:56:00,2026-05-10T21:10:00,"J, C, D, I, O, Y, B, M, S, H, K, L, Q, N, R, T, A, E, P, G, X, V",https://integration-middleware-website.vietnamairlines.com/api/v1/public/flight/info?marketingAirlineCode=VN&marketingFlightNumber=578&departureDate=2026-05-10,
VN,579,arrived,321,AIRBUS A321,180.0,TPE,TAIWAN TAOYUAN INTL,TAIPEI,2,2026-05-10T07:37:00,2026-05-10T07:30:00,HAN,NOI BAI INTL,HANOI,2,2026-05-10T09:33:00,2026-05-10T09:30:00,"J, C, D, I, O, Y, B, M, S, H, K, L, Q, N, R, T, A, E, P, G, X, V",https://integration-middleware-website.vietnamairlines.com/api/v1/public/flight/info?marketingAirlineCode=VN&marketingFlightNumber=579&departureDate=2026-05-10,
VN,580,arrived,321,AIRBUS A321,180.0,SGN,TAN SON NHAT INTL,HO CHI MINH CITY,2,2026-05-10T17:48:00,2026-05-10T17:50:00,KHH,KAOHSIUNG INTL,KAOHSIUNG,I,2026-05-10T21:40:00,2026-05-10T21:50:00,"J, C, D, I, O, Y, B, M, S, H, K, L, Q, N, R, T, A, E, P, G, X, V",https://integration-middleware-website.vietnamairlines.com/api/v1/public/flight/info?marketingAirlineCode=VN&marketingFlightNumber=580&departureDate=2026-05-10,
VN,581,arrived,321,AIRBUS A321,180.0,KHH,KAOHSIUNG INTL,KAOHSIUNG,I,2026-05-10T07:17:00,2026-05-10T07:30:00,SGN,TAN SON NHAT INTL,HO CHI MINH CITY,2,2026-05-10T09:08:00,2026-05-10T09:30:00,"J, C, D, I, O, Y, B, M, S, H, K, L, Q, N, R, T, A, E, P, G, X, V",https://integration-middleware-website.vietnamairlines.com/api/v1/public/flight/info?marketingAirlineCode=VN&marketingFlightNumber=581&departureDate=2026-05-10,
VN,582,cancelled,321,AIRBUS A321,180.0,SGN,TAN SON NHAT INTL,HO CHI MINH CITY,2,2026-05-10T07:45:00,,KHH,KAOHSIUNG INTL,KAOHSIUNG,I,2026-05-10T11:45:00,,"J, C, D, I, O, Y, B, M, S, H, K, L, Q, N, R, T, A, E, P, G, X, V",https://integration-middleware-website.vietnamairlines.com/api/v1/public/flight/info?marketingAirlineCode=VN&marketingFlightNumber=582&departureDate=2026-05-10,
VN,583,cancelled,321,AIRBUS A321,180.0,KHH,KAOHSIUNG INTL,KAOHSIUNG,I,2026-05-10T13:00:00,,SGN,TAN SON NHAT INTL,HO CHI MINH CITY,2,2026-05-10T15:00:00,,"J, C, D, I, O, Y, B, M, S, H, K, L, Q, N, R, T, A, E, P, G, X, V",https://integration-middleware-website.vietnamairlines.com/api/v1/public/flight/info?marketingAirlineCode=VN&marketingFlightNumber=583&departureDate=2026-05-10,
VN,586,arrived,321,AIRBUS A321,150.0,HAN,NOI BAI INTL,HANOI,2,2026-05-10T18:11:00,2026-05-10T18:15:00,KHH,KAOHSIUNG INTL,KAOHSIUNG,I,2026-05-10T21:29:00,2026-05-10T21:45:00,"J, C, D, I, O, Y, B, M, S, H, K, L, Q, N, R, T, A, E, P, G, X, V",https://integration-middleware-website.vietnamairlines.com/api/v1/public/flight/info?marketingAirlineCode=VN&marketingFlightNumber=586&departureDate=2026-05-10,
VN,587,arrived,321,AIRBUS A321,160.0,KHH,KAOHSIUNG INTL,KAOHSIUNG,I,2026-05-10T08:16:00,2026-05-10T08:40:00,HAN,NOI BAI INTL,HANOI,2,2026-05-10T10:01:00,2026-05-10T10:20:00,"J, C, D, I, O, Y, B, M, S, H, K, L, Q, N, R, T, A, E, P, G, X, V",https://integration-middleware-website.vietnamairlines.com/api/v1/public/flight/info?marketingAirlineCode=VN&marketingFlightNumber=587&departureDate=2026-05-10,
VN,592,arrived,321,AIRBUS A321,125.0,HAN,NOI BAI INTL,HANOI,2,2026-05-10T10:20:00,2026-05-10T10:25:00,HKG,INTERNATIONAL,HONG KONG,1,2026-05-10T13:24:00,2026-05-10T13:30:00,"J, C, D, I, O, Y, B, M, S, H, K, L, Q, N, R, T, A, E, P, G, X, V",https://integration-middleware-website.vietnamairlines.com/api/v1/public/flight/info?marketingAirlineCode=VN&marketingFlightNumber=592&departureDate=2026-05-10,
VN,593,arrived,321,AIRBUS A321,125.0,HKG,INTERNATIONAL,HONG KONG,1,2026-05-10T14:31:00,2026-05-10T14:30:00,HAN,NOI BAI INTL,HANOI,2,2026-05-10T15:36:00,2026-05-10T15:35:00,"J, C, D, I, O, Y, B, M, S, H, K, L, Q, N, R, T, A, E, P, G, X, V",https://integration-middleware-website.vietnamairlines.com/api/v1/public/flight/info?marketingAirlineCode=VN&marketingFlightNumber=593&departureDate=2026-05-10,
VN,594,cancelled,321,AIRBUS A321,170.0,SGN,TAN SON NHAT INTL,HO CHI MINH CITY,2,2026-05-10T13:35:00,,HKG,INTERNATIONAL,HONG KONG,1,2026-05-10T17:25:00,,"J, C, D, I, O, Y, B, M, S, H, K, L, Q, N, R, T, A, E, P, G, X, V",https://integration-middleware-website.vietnamairlines.com/api/v1/public/flight/info?marketingAirlineCode=VN&marketingFlightNumber=594&departureDate=2026-05-10,
VN,595,cancelled,321,AIRBUS A321,160.0,HKG,INTERNATIONAL,HONG KONG,1,2026-05-10T18:45:00,,SGN,TAN SON NHAT INTL,HO CHI MINH CITY,2,2026-05-10T20:25:00,,"J, C, D, I, O, Y, B, M, S, H, K, L, Q, N, R, T, A, E, P, G, X, V",https://integration-middleware-website.vietnamairlines.com/api/v1/public/flight/info?marketingAirlineCode=VN&marketingFlightNumber=595&departureDate=2026-05-10,
VN,600,arrived,321,AIRBUS A321,105.0,BKK,SUVARNABHUMI INTL,BANGKOK,,2026-05-10T11:12:00,2026-05-10T11:20:00,SGN,TAN SON NHAT INTL,HO CHI MINH CITY,2,2026-05-10T12:45:00,2026-05-10T13:05:00,"J, C, D, I, O, Y, B, M, S, H, K, L, Q, N, R, T, A, E, P, G, X, V",https://integration-middleware-website.vietnamairlines.com/api/v1/public/flight/info?marketingAirlineCode=VN&marketingFlightNumber=600&departureDate=2026-05-10,
VN,601,arrived,321,AIRBUS A321,100.0,SGN,TAN SON NHAT INTL,HO CHI MINH CITY,2,2026-05-10T08:36:00,2026-05-10T08:40:00,BKK,SUVARNABHUMI INTL,BANGKOK,,2026-05-10T10:09:00,2026-05-10T10:20:00,"J, C, D, I, O, Y, B, M, S, H, K, L, Q, N, R, T, A, E, P, G, X, V",https://integration-middleware-website.vietnamairlines.com/api/v1/public/flight/info?marketingAirlineCode=VN&marketingFlightNumber=601&departureDate=2026-05-10,
VN,604,arrived,321,AIRBUS A321,105.0,BKK,SUVARNABHUMI INTL,BANGKOK,,2026-05-10T14:59:00,2026-05-10T14:25:00,SGN,TAN SON NHAT INTL,HO CHI MINH CITY,2,2026-05-10T16:46:00,2026-05-10T16:10:00,"J, C, D, I, O, Y, B, M, S, H, K, L, Q, N, R, T, A, E, P, G, X, V",https://integration-middleware-website.vietnamairlines.com/api/v1/public/flight/info?marketingAirlineCode=VN&marketingFlightNumber=604&departureDate=2026-05-10,
VN,605,arrived,321,AIRBUS A321,100.0,SGN,TAN SON NHAT INTL,HO CHI MINH CITY,2,2026-05-10T11:44:00,2026-05-10T11:30:00,BKK,SUVARNABHUMI INTL,BANGKOK,,2026-05-10T13:28:00,2026-05-10T13:10:00,"J, C, D, I, O, Y, B, M, S, H, K, L, Q, N, R, T, A, E, P, G, X, V",https://integration-middleware-website.vietnamairlines.com/api/v1/public/flight/info?marketingAirlineCode=VN&marketingFlightNumber=605&departureDate=2026-05-10,
VN,606,arrived,321,AIRBUS A321,105.0,BKK,SUVARNABHUMI INTL,BANGKOK,,2026-05-10T19:26:00,2026-05-10T19:30:00,SGN,TAN SON NHAT INTL,HO CHI MINH CITY,2,2026-05-10T21:09:00,2026-05-10T21:15:00,"J, C, D, I, O, Y, B, M, S, H, K, L, Q, N, R, T, A, E, P, G, X, V",https://integration-middleware-website.vietnamairlines.com/api/v1/public/flight/info?marketingAirlineCode=VN&marketingFlightNumber=606&departureDate=2026-05-10,
VN,607,arrived,321,AIRBUS A321,100.0,SGN,TAN SON NHAT INTL,HO CHI MINH CITY,2,2026-05-10T16:49:00,2026-05-10T16:50:00,BKK,SUVARNABHUMI INTL,BANGKOK,,2026-05-10T18:22:00,2026-05-10T18:30:00,"J, C, D, I, O, Y, B, M, S, H, K, L, Q, N, R, T, A, E, P, G, X, V",https://integration-middleware-website.vietnamairlines.com/api/v1/public/flight/info?marketingAirlineCode=VN&marketingFlightNumber=607&departureDate=2026-05-10,
VN,608,cancelled,321,AIRBUS A321,105.0,BKK,SUVARNABHUMI INTL,BANGKOK,,2026-05-10T21:05:00,,SGN,TAN SON NHAT INTL,HO CHI MINH CITY,2,2026-05-10T22:50:00,,"J, C, D, I, O, Y, B, M, S, H, K, L, Q, N, R, T, A, E, P, G, X, V",https://integration-middleware-website.vietnamairlines.com/api/v1/public/flight/info?marketingAirlineCode=VN&marketingFlightNumber=608&departureDate=2026-05-10,
VN,609,cancelled,321,AIRBUS A321,100.0,SGN,TAN SON NHAT INTL,HO CHI MINH CITY,2,2026-05-10T18:25:00,,BKK,SUVARNABHUMI INTL,BANGKOK,,2026-05-10T20:05:00,,"J, C, D, I, O, Y, B, M, S, H, K, L, Q, N, R, T, A, E, P, G, X, V",https://integration-middleware-website.vietnamairlines.com/api/v1/public/flight/info?marketingAirlineCode=VN&marketingFlightNumber=609&departureDate=2026-05-10,
VN,610,arrived,321,AIRBUS A321,120.0,BKK,SUVARNABHUMI INTL,BANGKOK,,2026-05-10T11:56:00,2026-05-10T11:55:00,HAN,NOI BAI INTL,HANOI,2,2026-05-10T13:47:00,2026-05-10T13:55:00,"J, C, D, I, O, Y, B, M, S, H, K, L, Q, N, R, T, A, E, P, G, X, V",https://integration-middleware-website.vietnamairlines.com/api/v1/public/flight/info?marketingAirlineCode=VN&marketingFlightNumber=610&departureDate=2026-05-10,
VN,611,arrived,321,AIRBUS A321,120.0,HAN,NOI BAI INTL,HANOI,2,2026-05-10T08:51:00,2026-05-10T08:50:00,BKK,SUVARNABHUMI INTL,BANGKOK,,2026-05-10T10:54:00,2026-05-10T10:50:00,"J, C, D, I, O, Y, B, M, S, H, K, L, Q, N, R, T, A, E, P, G, X, V",https://integration-middleware-website.vietnamairlines.com/api/v1/public/flight/info?marketingAirlineCode=VN&marketingFlightNumber=611&departureDate=2026-05-10,
VN,614,arrived,321,AIRBUS A321,120.0,BKK,SUVARNABHUMI INTL,BANGKOK,,2026-05-10T15:45:00,2026-05-10T15:55:00,HAN,NOI BAI INTL,HANOI,2,2026-05-10T17:41:00,2026-05-10T17:55:00,"J, C, D, I, O, Y, B, M, S, H, K, L, Q, N, R, T, A, E, P, G, X, V",https://integration-middleware-website.vietnamairlines.com/api/v1/public/flight/info?marketingAirlineCode=VN&marketingFlightNumber=614&departureDate=2026-05-10,
VN,615,arrived,321,AIRBUS A321,120.0,HAN,NOI BAI INTL,HANOI,2,2026-05-10T12:39:00,2026-05-10T12:45:00,BKK,SUVARNABHUMI INTL,BANGKOK,,2026-05-10T14:39:00,2026-05-10T14:45:00,"J, C, D, I, O, Y, B, M, S, H, K, L, Q, N, R, T, A, E, P, G, X, V",https://integration-middleware-website.vietnamairlines.com/api/v1/public/flight/info?marketingAirlineCode=VN&marketingFlightNumber=615&departureDate=2026-05-10,
VN,616,cancelled,321,AIRBUS A321,120.0,BKK,SUVARNABHUMI INTL,BANGKOK,,2026-05-10T22:15:00,,HAN,NOI BAI INTL,HANOI,2,2026-05-11T00:15:00,,"J, C, D, I, O, Y, B, M, S, H, K, L, Q, N, R, T, A, E, P, G, X, V",https://integration-middleware-website.vietnamairlines.com/api/v1/public/flight/info?marketingAirlineCode=VN&marketingFlightNumber=616&departureDate=2026-05-10,
VN,617,cancelled,321,AIRBUS A321,120.0,HAN,NOI BAI INTL,HANOI,2,2026-05-10T19:05:00,,BKK,SUVARNABHUMI INTL,BANGKOK,,2026-05-10T21:05:00,,"J, C, D, I, O, Y, B, M, S, H, K, L, Q, N, R, T, A, E, P, G, X, V",https://integration-middleware-website.vietnamairlines.com/api/v1/public/flight/info?marketingAirlineCode=VN&marketingFlightNumber=617&departureDate=2026-05-10,
VN,618,arrived,321,AIRBUS A321,120.0,BKK,SUVARNABHUMI INTL,BANGKOK,,2026-05-10T19:10:00,2026-05-10T19:05:00,HAN,NOI BAI INTL,HANOI,2,2026-05-10T21:01:00,2026-05-10T21:05:00,"J, C, D, I, O, Y, B, M, S, H, K, L, Q, N, R, T, A, E, P, G, X, V",https://integration-middleware-website.vietnamairlines.com/api/v1/public/flight/info?marketingAirlineCode=VN&marketingFlightNumber=618&departureDate=2026-05-10,
VN,619,arrived,321,AIRBUS A321,120.0,HAN,NOI BAI INTL,HANOI,2,2026-05-10T16:20:00,2026-05-10T16:05:00,BKK,SUVARNABHUMI INTL,BANGKOK,,2026-05-10T18:20:00,2026-05-10T18:05:00,"J, C, D, I, O, Y, B, M, S, H, K, L, Q, N, R, T, A, E, P, G, X, V",https://integration-middleware-website.vietnamairlines.com/api/v1/public/flight/info?marketingAirlineCode=VN&marketingFlightNumber=619&departureDate=2026-05-10,
VN,621,cancelled,321,AIRBUS A321,110.0,SGN,TAN SON NHAT INTL,HO CHI MINH CITY,2,2026-05-10T16:00:00,,HKT,PHUKET INTL,PHUKET,I,2026-05-10T17:50:00,,"J, C, D, I, O, Y, B, M, S, H, K, L, Q, N, R, T, A, E, P, G, X, V",https://integration-middleware-website.vietnamairlines.com/api/v1/public/flight/info?marketingAirlineCode=VN&marketingFlightNumber=621&departureDate=2026-05-10,
VN,626,arrived,321,AIRBUS A321,100.0,BKK,SUVARNABHUMI INTL,BANGKOK,,2026-05-10T17:54:00,2026-05-10T18:05:00,DAD,INTERNATIONAL,DA NANG,2,2026-05-10T19:45:00,2026-05-10T19:45:00,"J, C, D, I, O, Y, B, M, S, H, K, L, Q, N, R, T, A, E, P, G, X, V",https://integration-middleware-website.vietnamairlines.com/api/v1/public/flight/info?marketingAirlineCode=VN&marketingFlightNumber=626&departureDate=2026-05-10,
VN,627,arrived,321,AIRBUS A321,110.0,DAD,INTERNATIONAL,DA NANG,2,2026-05-10T15:04:00,2026-05-10T15:15:00,BKK,SUVARNABHUMI INTL,BANGKOK,,2026-05-10T16:54:00,2026-05-10T17:05:00,"J, C, D, I, O, Y, B, M, S, H, K, L, Q, N, R, T, A, E, P, G, X, V",https://integration-middleware-website.vietnamairlines.com/api/v1/public/flight/info?marketingAirlineCode=VN&marketingFlightNumber=627&departureDate=2026-05-10,
VN,630,arrived,321,AIRBUS A321,195.0,CGK,SOEKARNO HATTA INTL,JAKARTA,3,2026-05-10T14:05:00,2026-05-10T13:50:00,SGN,TAN SON NHAT INTL,HO CHI MINH CITY,2,2026-05-10T17:08:00,2026-05-10T17:05:00,"J, C, D, I, O, Y, B, M, S, H, K, L, Q, N, R, T, A, E, P, G, X, V",https://integration-middleware-website.vietnamairlines.com/api/v1/public/flight/info?marketingAirlineCode=VN&marketingFlightNumber=630&departureDate=2026-05-10,
VN,631,arrived,321,AIRBUS A321,190.0,SGN,TAN SON NHAT INTL,HO CHI MINH CITY,2,2026-05-10T09:52:00,2026-05-10T09:50:00,CGK,SOEKARNO HATTA INTL,JAKARTA,3,2026-05-10T13:04:00,2026-05-10T13:00:00,"J, C, D, I, O, Y, B, M, S, H, K, L, Q, N, R, T, A, E, P, G, X, V",https://integration-middleware-website.vietnamairlines.com/api/v1/public/flight/info?marketingAirlineCode=VN&marketingFlightNumber=631&departureDate=2026-05-10,
VN,634,arrived,321,AIRBUS A321,290.0,CGK,SOEKARNO HATTA INTL,JAKARTA,3,2026-05-10T01:15:00,2026-05-10T01:30:00,HAN,NOI BAI INTL,HANOI,2,2026-05-10T05:33:00,2026-05-10T06:20:00,"J, C, D, I, O, Y, B, M, S, H, K, L, Q, N, R, T, A, E, P, G, X, V",https://integration-middleware-website.vietnamairlines.com/api/v1/public/flight/info?marketingAirlineCode=VN&marketingFlightNumber=634&departureDate=2026-05-10,
VN,641,arrived,321,AIRBUS A321,230.0,SGN,TAN SON NHAT INTL,HO CHI MINH CITY,2,2026-05-10T10:07:00,2026-05-10T10:10:00,DPS,NGURAH RAI,DENPASAR-BALI,I,2026-05-10T14:58:00,2026-05-10T15:00:00,"J, C, D, I, O, Y, B, M, S, H, K, L, Q, N, R, T, A, E, P, G, X, V",https://integration-middleware-website.vietnamairlines.com/api/v1/public/flight/info?marketingAirlineCode=VN&marketingFlightNumber=641&departureDate=2026-05-10,
VN,642,cancelled,321,AIRBUS A321,230.0,HAN,NOI BAI INTL,HANOI,2,2026-05-10T23:10:00,,CEB,MACTAN INTERNATIONAL,CEBU,2,2026-05-11T04:00:00,,"J, C, D, I, O, Y, B, M, S, H, K, L, Q, N, R, T, A, E, P, G, X, V",https://integration-middleware-website.vietnamairlines.com/api/v1/public/flight/info?marketingAirlineCode=VN&marketingFlightNumber=642&departureDate=2026-05-10,
VN,643,arrived,321,AIRBUS A321,230.0,HAN,NOI BAI INTL,HANOI,2,2026-05-10T23:06:00,2026-05-10T23:10:00,CEB,MACTAN INTERNATIONAL,CEBU,2,2026-05-11T03:43:00,2026-05-11T04:00:00,"J, C, D, I, O, Y, B, M, S, H, K, L, Q, N, R, T, A, E, P, G, X, V",https://integration-middleware-website.vietnamairlines.com/api/v1/public/flight/info?marketingAirlineCode=VN&marketingFlightNumber=643&departureDate=2026-05-10,
VN,646,arrived,321,AIRBUS A321,195.0,MNL,NINOY AQUINO INTL,MANILA,3,2026-05-10T05:07:00,2026-05-10T05:20:00,HAN,NOI BAI INTL,HANOI,2,2026-05-10T07:23:00,2026-05-10T07:35:00,"J, C, D, I, O, Y, B, M, S, H, K, L, Q, N, R, T, A, E, P, G, X, V",https://integration-middleware-website.vietnamairlines.com/api/v1/public/flight/info?marketingAirlineCode=VN&marketingFlightNumber=646&departureDate=2026-05-10,
VN,647,arrived,321,AIRBUS A321,190.0,HAN,NOI BAI INTL,HANOI,2,2026-05-10T00:09:00,2026-05-10T00:10:00,MNL,NINOY AQUINO INTL,MANILA,3,2026-05-10T04:13:00,2026-05-10T04:20:00,"J, C, D, I, O, Y, B, M, S, H, K, L, Q, N, R, T, A, E, P, G, X, V",https://integration-middleware-website.vietnamairlines.com/api/v1/public/flight/info?marketingAirlineCode=VN&marketingFlightNumber=647&departureDate=2026-05-10,
VN,648,arrived,321,AIRBUS A321,160.0,SGN,TAN SON NHAT INTL,HO CHI MINH CITY,2,2026-05-10T23:34:00,2026-05-10T23:25:00,MNL,NINOY AQUINO INTL,MANILA,3,2026-05-11T03:03:00,2026-05-11T03:05:00,"J, C, D, I, O, Y, B, M, S, H, K, L, Q, N, R, T, A, E, P, G, X, V",https://integration-middleware-website.vietnamairlines.com/api/v1/public/flight/info?marketingAirlineCode=VN&marketingFlightNumber=648&departureDate=2026-05-10,
VN,649,arrived,321,AIRBUS A321,165.0,MNL,NINOY AQUINO INTL,MANILA,3,2026-05-10T03:43:00,2026-05-10T04:05:00,SGN,TAN SON NHAT INTL,HO CHI MINH CITY,2,2026-05-10T05:28:00,2026-05-10T05:50:00,"J, C, D, I, O, Y, B, M, S, H, K, L, Q, N, R, T, A, E, P, G, X, V",https://integration-middleware-website.vietnamairlines.com/api/v1/public/flight/info?marketingAirlineCode=VN&marketingFlightNumber=649&departureDate=2026-05-10,
VN,650,arrived,321,AIRBUS A321,135.0,SIN,CHANGI,SINGAPORE,3,2026-05-10T13:05:00,2026-05-10T13:10:00,SGN,TAN SON NHAT INTL,HO CHI MINH CITY,2,2026-05-10T14:11:00,2026-05-10T14:25:00,"J, C, D, I, O, Y, B, M, S, H, K, L, Q, N, R, T, A, E, P, G, X, V",https://integration-middleware-website.vietnamairlines.com/api/v1/public/flight/info?marketingAirlineCode=VN&marketingFlightNumber=650&departureDate=2026-05-10,
VN,651,arrived,321,AIRBUS A321,120.0,SGN,TAN SON NHAT INTL,HO CHI MINH CITY,2,2026-05-10T09:23:00,2026-05-10T09:10:00,SIN,CHANGI,SINGAPORE,3,2026-05-10T12:22:00,2026-05-10T12:10:00,"J, C, D, I, O, Y, B, M, S, H, K, L, Q, N, R, T, A, E, P, G, X, V",https://integration-middleware-website.vietnamairlines.com/api/v1/public/flight/info?marketingAirlineCode=VN&marketingFlightNumber=651&departureDate=2026-05-10,
VN,654,cancelled,321,AIRBUS A321,135.0,SIN,CHANGI,SINGAPORE,3,2026-05-10T18:25:00,2026-05-10T18:25:00,SGN,TAN SON NHAT INTL,HO CHI MINH CITY,2,2026-05-10T19:40:00,2026-05-10T19:40:00,"J, C, D, I, O, Y, B, M, S, H, K, L, Q, N, R, T, A, E, P, G, X, V",https://integration-middleware-website.vietnamairlines.com/api/v1/public/flight/info?marketingAirlineCode=VN&marketingFlightNumber=654&departureDate=2026-05-10,
VN,655,cancelled,321,AIRBUS A321,120.0,SGN,TAN SON NHAT INTL,HO CHI MINH CITY,2,2026-05-10T14:25:00,2026-05-10T14:25:00,SIN,CHANGI,SINGAPORE,3,2026-05-10T17:25:00,2026-05-10T17:25:00,"J, C, D, I, O, Y, B, M, S, H, K, L, Q, N, R, T, A, E, P, G, X, V",https://integration-middleware-website.vietnamairlines.com/api/v1/public/flight/info?marketingAirlineCode=VN&marketingFlightNumber=655&departureDate=2026-05-10,
VN,656,arrived,321,AIRBUS A321,135.0,SIN,CHANGI,SINGAPORE,3,2026-05-10T21:02:00,2026-05-10T21:00:00,SGN,TAN SON NHAT INTL,HO CHI MINH CITY,2,2026-05-10T22:07:00,2026-05-10T22:15:00,"J, C, D, I, O, Y, B, M, S, H, K, L, Q, N, R, T, A, E, P, G, X, V",https://integration-middleware-website.vietnamairlines.com/api/v1/public/flight/info?marketingAirlineCode=VN&marketingFlightNumber=656&departureDate=2026-05-10,
VN,657,arrived,321,AIRBUS A321,120.0,SGN,TAN SON NHAT INTL,HO CHI MINH CITY,2,2026-05-10T17:04:00,2026-05-10T17:00:00,SIN,CHANGI,SINGAPORE,3,2026-05-10T20:08:00,2026-05-10T20:00:00,"J, C, D, I, O, Y, B, M, S, H, K, L, Q, N, R, T, A, E, P, G, X, V",https://integration-middleware-website.vietnamairlines.com/api/v1/public/flight/info?marketingAirlineCode=VN&marketingFlightNumber=657&departureDate=2026-05-10,
VN,660,arrived,321,AIRBUS A321,210.0,SIN,CHANGI,SINGAPORE,3,2026-05-10T13:09:00,2026-05-10T13:05:00,HAN,NOI BAI INTL,HANOI,2,2026-05-10T15:49:00,2026-05-10T15:35:00,"J, C, D, I, O, Y, B, M, S, H, K, L, Q, N, R, T, A, E, P, G, X, V",https://integration-middleware-website.vietnamairlines.com/api/v1/public/flight/info?marketingAirlineCode=VN&marketingFlightNumber=660&departureDate=2026-05-10,
VN,661,arrived,321,AIRBUS A321,205.0,HAN,NOI BAI INTL,HANOI,2,2026-05-10T07:29:00,2026-05-10T07:30:00,SIN,CHANGI,SINGAPORE,3,2026-05-10T11:47:00,2026-05-10T11:55:00,"J, C, D, I, O, Y, B, M, S, H, K, L, Q, N, R, T, A, E, P, G, X, V",https://integration-middleware-website.vietnamairlines.com/api/v1/public/flight/info?marketingAirlineCode=VN&marketingFlightNumber=661&departureDate=2026-05-10,
VN,678,arrived,321,AIRBUS A321,130.0,KUL,KUALA LUMPUR INTL,KUALA LUMPUR,1,2026-05-10T19:36:00,2026-05-10T19:25:00,SGN,TAN SON NHAT INTL,HO CHI MINH CITY,2,2026-05-10T20:36:00,2026-05-10T20:35:00,"J, C, D, I, O, Y, B, M, S, H, K, L, Q, N, R, T, A, E, P, G, X, V",https://integration-middleware-website.vietnamairlines.com/api/v1/public/flight/info?marketingAirlineCode=VN&marketingFlightNumber=678&departureDate=2026-05-10,
VN,679,arrived,321,AIRBUS A321,120.0,SGN,TAN SON NHAT INTL,HO CHI MINH CITY,2,2026-05-10T15:29:00,2026-05-10T15:25:00,KUL,KUALA LUMPUR INTL,KUALA LUMPUR,1,2026-05-10T18:45:00,2026-05-10T18:25:00,"J, C, D, I, O, Y, B, M, S, H, K, L, Q, N, R, T, A, E, P, G, X, V",https://integration-middleware-website.vietnamairlines.com/api/v1/public/flight/info?marketingAirlineCode=VN&marketingFlightNumber=679&departureDate=2026-05-10,
VN,680,arrived,321,AIRBUS A321,200.0,KUL,KUALA LUMPUR INTL,KUALA LUMPUR,1,2026-05-10T19:55:00,2026-05-10T20:00:00,HAN,NOI BAI INTL,HANOI,2,2026-05-10T22:15:00,2026-05-10T22:20:00,"J, C, D, I, O, Y, B, M, S, H, K, L, Q, N, R, T, A, E, P, G, X, V",https://integration-middleware-website.vietnamairlines.com/api/v1/public/flight/info?marketingAirlineCode=VN&marketingFlightNumber=680&departureDate=2026-05-10,
VN,681,arrived,321,AIRBUS A321,195.0,HAN,NOI BAI INTL,HANOI,2,2026-05-10T14:40:00,2026-05-10T14:45:00,KUL,KUALA LUMPUR INTL,KUALA LUMPUR,1,2026-05-10T18:59:00,2026-05-10T19:00:00,"J, C, D, I, O, Y, B, M, S, H, K, L, Q, N, R, T, A, E, P, G, X, V",https://integration-middleware-website.vietnamairlines.com/api/v1/public/flight/info?marketingAirlineCode=VN&marketingFlightNumber=681&departureDate=2026-05-10,
VN,772,arrived,359,AIRBUS A350-900,540.0,SYD,KINGSFORD SMITH,SYDNEY,1,2026-05-10T10:09:00,2026-05-10T10:15:00,SGN,TAN SON NHAT INTL,HO CHI MINH CITY,2,2026-05-10T16:11:00,2026-05-10T16:15:00,"J, C, D, I, O, W, Z, U, Y, B, M, S, H, K, L, Q, N, R, T, A, E, P, G, X, V",https://integration-middleware-website.vietnamairlines.com/api/v1/public/flight/info?marketingAirlineCode=VN&marketingFlightNumber=772&departureDate=2026-05-10,
VN,773,arrived,359,AIRBUS A350-900,510.0,SGN,TAN SON NHAT INTL,HO CHI MINH CITY,2,2026-05-10T20:52:00,2026-05-10T20:45:00,SYD,KINGSFORD SMITH,SYDNEY,1,2026-05-11T08:23:00,2026-05-11T08:15:00,"J, C, D, I, O, W, Z, U, Y, B, M, S, H, K, L, Q, N, R, T, A, E, P, G, X, V",https://integration-middleware-website.vietnamairlines.com/api/v1/public/flight/info?marketingAirlineCode=VN&marketingFlightNumber=773&departureDate=2026-05-10,
VN,778,cancelled,359,AIRBUS A350-900,580.0,MEL,MELBOURNE AIRPORT,MELBOURNE,2,2026-05-10T00:25:00,,HAN,NOI BAI INTL,HANOI,2,2026-05-10T07:05:00,,"J, C, D, I, O, W, Z, U, Y, B, M, S, H, K, L, Q, N, R, T, A, E, P, G, X, V",https://integration-middleware-website.vietnamairlines.com/api/v1/public/flight/info?marketingAirlineCode=VN&marketingFlightNumber=778&departureDate=2026-05-10,
VN,779,arrived,359,AIRBUS A350-900,570.0,HAN,NOI BAI INTL,HANOI,2,2026-05-10T09:47:00,2026-05-10T09:45:00,MEL,MELBOURNE AIRPORT,MELBOURNE,2,2026-05-10T22:12:00,2026-05-10T22:15:00,"J, C, D, I, O, W, Z, U, Y, B, M, S, H, K, L, Q, N, R, T, A, E, P, G, X, V",https://integration-middleware-website.vietnamairlines.com/api/v1/public/flight/info?marketingAirlineCode=VN&marketingFlightNumber=779&departureDate=2026-05-10,
VN,780,arrived,359,AIRBUS A350-900,520.0,MEL,MELBOURNE AIRPORT,MELBOURNE,2,2026-05-10T10:20:00,2026-05-10T10:35:00,SGN,TAN SON NHAT INTL,HO CHI MINH CITY,2,2026-05-10T15:45:00,2026-05-10T16:15:00,"J, C, D, I, O, W, Z, U, Y, B, M, S, H, K, L, Q, N, R, T, A, E, P, G, X, V",https://integration-middleware-website.vietnamairlines.com/api/v1/public/flight/info?marketingAirlineCode=VN&marketingFlightNumber=780&departureDate=2026-05-10,
VN,781,arrived,359,AIRBUS A350-900,490.0,SGN,TAN SON NHAT INTL,HO CHI MINH CITY,2,2026-05-10T21:15:00,2026-05-10T21:25:00,MEL,MELBOURNE AIRPORT,MELBOURNE,2,2026-05-11T08:35:00,2026-05-11T08:35:00,"J, C, D, I, O, W, Z, U, Y, B, M, S, H, K, L, Q, N, R, T, A, E, P, G, X, V",https://integration-middleware-website.vietnamairlines.com/api/v1/public/flight/info?marketingAirlineCode=VN&marketingFlightNumber=781&departureDate=2026-05-10,
VN,787,arrived,359,AIRBUS A350-900,575.0,HAN,NOI BAI INTL,HANOI,2,2026-05-10T23:47:00,2026-05-10T23:40:00,SYD,KINGSFORD SMITH,SYDNEY,1,2026-05-11T12:09:00,2026-05-11T12:15:00,"J, C, D, I, O, W, Z, U, Y, B, M, S, H, K, L, Q, N, R, T, A, E, P, G, X, V",https://integration-middleware-website.vietnamairlines.com/api/v1/public/flight/info?marketingAirlineCode=VN&marketingFlightNumber=787&departureDate=2026-05-10,
VN,790,arrived,787,787  ALL SERIES PASSENGER,390.0,PER,PERTH,PERTH,1,2026-05-10T00:18:00,2026-05-10T00:25:00,SGN,TAN SON NHAT INTL,HO CHI MINH CITY,2,2026-05-10T05:33:00,2026-05-10T05:55:00,"J, C, D, I, O, Y, B, M, S, H, K, L, Q, N, R, T, A, E, P, G, X, V",https://integration-middleware-website.vietnamairlines.com/api/v1/public/flight/info?marketingAirlineCode=VN&marketingFlightNumber=790&departureDate=2026-05-10,
VN,812,arrived,321,AIRBUS A321,75.0,SAI,SIEM REAP ANGKOR,SIEM REAP,1,2026-05-10T18:52:00,2026-05-10T19:10:00,SGN,TAN SON NHAT INTL,HO CHI MINH CITY,2,2026-05-10T20:03:00,2026-05-10T20:25:00,"J, C, D, I, O, Y, B, M, S, H, K, L, Q, N, R, T, A, E, P, G, X, V",https://integration-middleware-website.vietnamairlines.com/api/v1/public/flight/info?marketingAirlineCode=VN&marketingFlightNumber=812&departureDate=2026-05-10,
VN,813,arrived,321,AIRBUS A321,65.0,SGN,TAN SON NHAT INTL,HO CHI MINH CITY,2,2026-05-10T17:15:00,2026-05-10T17:15:00,SAI,SIEM REAP ANGKOR,SIEM REAP,1,2026-05-10T18:16:00,2026-05-10T18:20:00,"J, C, D, I, O, Y, B, M, S, H, K, L, Q, N, R, T, A, E, P, G, X, V",https://integration-middleware-website.vietnamairlines.com/api/v1/public/flight/info?marketingAirlineCode=VN&marketingFlightNumber=813&departureDate=2026-05-10,
VN,836,arrived,321,AIRBUS A321,105.0,SAI,SIEM REAP ANGKOR,SIEM REAP,1,2026-05-10T17:54:00,2026-05-10T18:05:00,HAN,NOI BAI INTL,HANOI,2,2026-05-10T19:47:00,2026-05-10T19:50:00,"J, C, D, I, O, Y, B, M, S, H, K, L, Q, N, R, T, A, E, P, G, X, V",https://integration-middleware-website.vietnamairlines.com/api/v1/public/flight/info?marketingAirlineCode=VN&marketingFlightNumber=836&departureDate=2026-05-10,
VN,837,arrived,321,AIRBUS A321,100.0,HAN,NOI BAI INTL,HANOI,2,2026-05-10T15:20:00,2026-05-10T15:30:00,SAI,SIEM REAP ANGKOR,SIEM REAP,1,2026-05-10T17:06:00,2026-05-10T17:10:00,"J, C, D, I, O, Y, B, M, S, H, K, L, Q, N, R, T, A, E, P, G, X, V",https://integration-middleware-website.vietnamairlines.com/api/v1/public/flight/info?marketingAirlineCode=VN&marketingFlightNumber=837&departureDate=2026-05-10,
VN,920,arrived,321,AIRBUS A321,330.0,SGN,TAN SON NHAT INTL,HO CHI MINH CITY,2,2026-05-10T16:06:00,2026-05-10T16:05:00,HAN,NOI BAI INTL,HANOI,2,2026-05-10T21:36:00,2026-05-10T21:35:00,"J, C, D, I, O, Y, B, M, S, H, K, L, Q, N, R, T, A, E, P, G, X, V",https://integration-middleware-website.vietnamairlines.com/api/v1/public/flight/info?marketingAirlineCode=VN&marketingFlightNumber=920&departureDate=2026-05-10,
VN,921,arrived,321,AIRBUS A321,355.0,HAN,NOI BAI INTL,HANOI,2,2026-05-10T09:23:00,2026-05-10T09:20:00,SGN,TAN SON NHAT INTL,HO CHI MINH CITY,2,2026-05-10T14:57:00,2026-05-10T15:15:00,"J, C, D, I, O, Y, B, M, S, H, K, L, Q, N, R, T, A, E, P, G, X, V",https://integration-middleware-website.vietnamairlines.com/api/v1/public/flight/info?marketingAirlineCode=VN&marketingFlightNumber=921&departureDate=2026-05-10,
VN,922,cancelled,321,AIRBUS A321,115.0,KTI,TECHO INTERNATIONAL,PHNOM PENH,1,2026-05-10T20:05:00,,HAN,NOI BAI INTL,HANOI,2,2026-05-10T22:00:00,,"J, C, D, I, O, Y, B, M, S, H, K, L, Q, N, R, T, A, E, P, G, X, V",https://integration-middleware-website.vietnamairlines.com/api/v1/public/flight/info?marketingAirlineCode=VN&marketingFlightNumber=922&departureDate=2026-05-10,
VN,923,cancelled,321,AIRBUS A321,110.0,HAN,NOI BAI INTL,HANOI,2,2026-05-10T17:15:00,,KTI,TECHO INTERNATIONAL,PHNOM PENH,1,2026-05-10T19:05:00,,"J, C, D, I, O, Y, B, M, S, H, K, L, Q, N, R, T, A, E, P, G, X, V",https://integration-middleware-website.vietnamairlines.com/api/v1/public/flight/info?marketingAirlineCode=VN&marketingFlightNumber=923&departureDate=2026-05-10,
VN,972,arrived,787,787  ALL SERIES PASSENGER,285.0,BOM,CHHATRAPATI S MAHARAJ,MUMBAI,2,2026-05-10T23:11:00,2026-05-10T23:10:00,HAN,NOI BAI INTL,HANOI,2,2026-05-11T05:09:00,2026-05-11T05:25:00,"J, C, D, I, O, Y, B, M, S, H, K, L, Q, N, R, T, A, E, P, G, X, V",https://integration-middleware-website.vietnamairlines.com/api/v1/public/flight/info?marketingAirlineCode=VN&marketingFlightNumber=972&departureDate=2026-05-10,
VN,973,arrived,787,787  ALL SERIES PASSENGER,290.0,HAN,NOI BAI INTL,HANOI,2,2026-05-10T18:14:00,2026-05-10T18:15:00,BOM,CHHATRAPATI S MAHARAJ,MUMBAI,2,2026-05-10T21:48:00,2026-05-10T21:35:00,"J, C, D, I, O, Y, B, M, S, H, K, L, Q, N, R, T, A, E, P, G, X, V",https://integration-middleware-website.vietnamairlines.com/api/v1/public/flight/info?marketingAirlineCode=VN&marketingFlightNumber=973&departureDate=2026-05-10,
VN,980,arrived,787,787  ALL SERIES PASSENGER,260.0,DEL,INDIRA GANDHI INTL,DELHI,3,2026-05-10T23:25:00,2026-05-10T23:35:00,HAN,NOI BAI INTL,HANOI,2,2026-05-11T04:46:00,2026-05-11T05:25:00,"J, C, D, I, O, Y, B, M, S, H, K, L, Q, N, R, T, A, E, P, G, X, V",https://integration-middleware-website.vietnamairlines.com/api/v1/public/flight/info?marketingAirlineCode=VN&marketingFlightNumber=980&departureDate=2026-05-10,
VN,981,arrived,787,787  ALL SERIES PASSENGER,275.0,HAN,NOI BAI INTL,HANOI,2,2026-05-10T18:51:00,2026-05-10T19:00:00,DEL,INDIRA GANDHI INTL,DELHI,3,2026-05-10T22:19:00,2026-05-10T22:05:00,"J, C, D, I, O, Y, B, M, S, H, K, L, Q, N, R, T, A, E, P, G, X, V",https://integration-middleware-website.vietnamairlines.com/api/v1/public/flight/info?marketingAirlineCode=VN&marketingFlightNumber=981&departureDate=2026-05-10,
VN,982,arrived,321,AIRBUS A321,285.0,BLR,KEMPEGOWDA INTL,BENGALURU,2,2026-05-10T23:24:00,2026-05-10T23:45:00,HAN,NOI BAI INTL,HANOI,2,2026-05-11T05:07:00,2026-05-11T06:00:00,"J, C, D, I, O, Y, B, M, S, H, K, L, Q, N, R, T, A, E, P, G, X, V",https://integration-middleware-website.vietnamairlines.com/api/v1/public/flight/info?marketingAirlineCode=VN&marketingFlightNumber=982&departureDate=2026-05-10,
VN,983,arrived,321,AIRBUS A321,295.0,HAN,NOI BAI INTL,HANOI,2,2026-05-10T18:41:00,2026-05-10T18:50:00,BLR,KEMPEGOWDA INTL,BENGALURU,2,2026-05-10T21:59:00,2026-05-10T22:15:00,"J, C, D, I, O, Y, B, M, S, H, K, L, Q, N, R, T, A, E, P, G, X, V",https://integration-middleware-website.vietnamairlines.com/api/v1/public/flight/info?marketingAirlineCode=VN&marketingFlightNumber=983&departureDate=2026-05-10,
VN,984,arrived,321,AIRBUS A321,265.0,HYD,RAJIV GANDHI INTL,HYDERABAD,1,2026-05-10T23:10:00,2026-05-10T23:30:00,HAN,NOI BAI INTL,HANOI,2,2026-05-11T04:31:00,2026-05-11T05:25:00,"J, C, D, I, O, Y, B, M, S, H, K, L, Q, N, R, T, A, E, P, G, X, V",https://integration-middleware-website.vietnamairlines.com/api/v1/public/flight/info?marketingAirlineCode=VN&marketingFlightNumber=984&departureDate=2026-05-10,
VN,985,arrived,321,AIRBUS A321,265.0,HAN,NOI BAI INTL,HANOI,2,2026-05-10T18:59:00,2026-05-10T19:05:00,HYD,RAJIV GANDHI INTL,HYDERABAD,1,2026-05-10T22:10:00,2026-05-10T22:00:00,"J, C, D, I, O, Y, B, M, S, H, K, L, Q, N, R, T, A, E, P, G, X, V",https://integration-middleware-website.vietnamairlines.com/api/v1/public/flight/info?marketingAirlineCode=VN&marketingFlightNumber=985&departureDate=2026-05-10,
